date,US_Regular_Conventional_Gas_price,Natural_Gas_Exports_Index,Natural_Gas_Imports_Index,Natural_Gas_Consumption,Crude_Import_price Index,CBOE_Crude_Oil_ETF_Volatility_Index,Brent,Producer_Price_Index_Gasoline,Producer_Price_Index_Final_Demand_Energy,Avg_Gasoline_Unleaded_Regular
2015-01-01,,,115.7,2282.7,195.2,,,165.6,98.5,2.11
2015-01-02,,,,,,54.25,55.38,,,
2015-01-05,2.136,,,,,57.67,51.08,,,
2015-01-06,,,,,,56.45,50.12,,,
2015-01-07,,,,,,53.25,49.06,,,
2015-01-08,,,,,,50.96,49.43,,,
2015-01-09,,,,,,50.07,47.64,,,
2015-01-12,2.066,,,,,53.13,46.9,,,
2015-01-13,,,,,,53.78,45.13,,,
2015-01-14,,,,,,53.17,45.82,,,
2015-01-15,,,,,,57.77,47.66,,,
2015-01-16,,,,,,56.44,47.38,,,
2015-01-19,1.999,,,,,,,,,
2015-01-20,,,,,,57.99,46.49,,,
2015-01-21,,,,,,55.09,46.5,,,
2015-01-22,,,,,,56.4,46.09,,,
2015-01-23,,,,,,57.62,46.69,,,
2015-01-26,1.982,,,,,56.65,46.07,,,
2015-01-27,,,,,,54.23,46.55,,,
2015-01-28,,,,,,55.18,47.07,,,
2015-01-29,,,,,,54.69,46.61,,,
2015-01-30,,,,,,58.62,47.52,,,
2015-02-01,,,101.0,2489.0,191.8,,,171.2,99.2,2.249
2015-02-02,2.013,,,,,57.84,51.74,,,
2015-02-03,,,,,,59.68,54.41,,,
2015-02-04,,,,,,62.73,55.07,,,
2015-02-05,,,,,,63.14,55.98,,,
2015-02-06,,,,,,60.83,55.88,,,
2015-02-09,2.133,,,,,56.0,57.0,,,
2015-02-10,,,,,,59.29,55.79,,,
2015-02-11,,,,,,60.23,53.48,,,
2015-02-12,,,,,,58.69,56.23,,,
2015-02-13,,,,,,55.53,60.33,,,
2015-02-16,2.206,,,,,,61.57,,,
2015-02-17,,,,,,56.33,60.78,,,
2015-02-18,,,,,,55.97,60.72,,,
2015-02-19,,,,,,55.75,58.78,,,
2015-02-20,,,,,,54.0,60.99,,,
2015-02-23,2.256,,,,,58.67,59.78,,,
2015-02-24,,,,,,56.27,60.33,,,
2015-02-25,,,,,,54.93,59.77,,,
2015-02-26,,,,,,56.46,61.39,,,
2015-02-27,,,,,,55.85,61.89,,,
2015-03-01,,,90.2,2307.1,193.1,,,184.7,101.1,2.483
2015-03-02,2.36,,,,,54.92,60.75,,,
2015-03-03,,,,,,53.05,61.18,,,
2015-03-04,,,,,,48.92,59.18,,,
2015-03-05,,,,,,47.09,60.33,,,
2015-03-06,,,,,,48.96,59.15,,,
2015-03-09,2.367,,,,,48.99,58.67,,,
2015-03-10,,,,,,50.92,55.95,,,
2015-03-11,,,,,,49.17,56.46,,,
2015-03-12,,,,,,49.59,56.66,,,
2015-03-13,,,,,,54.56,54.8,,,
2015-03-16,2.339,,,,,56.93,52.0,,,
2015-03-17,,,,,,59.85,52.17,,,
2015-03-18,,,,,,53.65,52.59,,,
2015-03-19,,,,,,53.82,52.96,,,
2015-03-20,,,,,,50.84,53.88,,,
2015-03-23,2.347,,,,,49.32,53.82,,,
2015-03-24,,,,,,47.94,53.61,,,
2015-03-25,,,,,,47.03,54.18,,,
2015-03-26,,,,,,49.58,57.02,,,
2015-03-27,,,,,,52.84,56.44,,,
2015-03-30,2.348,,,,,51.98,53.99,,,
2015-03-31,,,,,,53.72,53.69,,,
2015-04-01,,,79.4,2259.3,202.8,50.9,55.73,171.7,98.3,2.485
2015-04-02,,,,,,49.84,55.73,,,
2015-04-03,,,,,,,,,,
2015-04-06,2.315,,,,,48.33,55.73,,,
2015-04-07,,,,,,46.25,57.55,,,
2015-04-08,,,,,,48.1,56.42,,,
2015-04-09,,,,,,46.65,56.04,,,
2015-04-10,,,,,,43.04,56.82,,,
2015-04-13,2.317,,,,,44.2,57.14,,,
2015-04-14,,,,,,44.65,57.69,,,
2015-04-15,,,,,,46.14,59.32,,,
2015-04-16,,,,,,43.48,60.13,,,
2015-04-17,,,,,,42.0,61.31,,,
2015-04-20,2.393,,,,,42.06,61.2,,,
2015-04-21,,,,,,41.04,60.12,,,
2015-04-22,,,,,,39.01,60.12,,,
2015-04-23,,,,,,37.98,62.66,,,
2015-04-24,,,,,,36.61,62.96,,,
2015-04-27,2.451,,,,,37.46,62.86,,,
2015-04-28,,,,,,37.31,62.61,,,
2015-04-29,,,,,,36.68,63.97,,,
2015-04-30,,,,,,36.28,63.9,,,
2015-05-01,,,78.6,2244.8,229.9,35.62,64.13,197.7,103.2,2.775
2015-05-04,2.517,,,,,36.2,64.62,,,
2015-05-05,,,,,,36.24,65.44,,,
2015-05-06,,,,,,36.88,66.22,,,
2015-05-07,,,,,,38.13,64.93,,,
2015-05-08,,,,,,35.09,63.82,,,
2015-05-11,2.547,,,,,34.86,62.82,,,
2015-05-12,,,,,,33.74,65.09,,,
2015-05-13,,,,,,34.33,66.33,,,
2015-05-14,,,,,,32.63,65.58,,,
2015-05-15,,,,,,29.95,64.69,,,
2015-05-18,2.604,,,,,30.63,65.15,,,
2015-05-19,,,,,,34.82,63.48,,,
2015-05-20,,,,,,33.7,63.52,,,
2015-05-21,,,,,,31.61,64.7,,,
2015-05-22,,,,,,31.29,64.7,,,
2015-05-25,2.642,,,,,,,,,
2015-05-26,,,,,,34.66,61.65,,,
2015-05-27,,,,,,35.29,61.35,,,
2015-05-28,,,,,,34.2,60.12,,,
2015-05-29,,,,,,33.74,63.16,,,
2015-06-01,2.656,,80.1,2293.2,236.7,35.3,62.87,201.2,104.0,2.832
2015-06-02,,,,,,35.74,63.14,,,
2015-06-03,,,,,,37.4,62.78,,,
2015-06-04,,,,,,38.42,60.34,,,
2015-06-05,,,,,,33.54,60.36,,,
2015-06-08,2.668,,,,,34.04,61.33,,,
2015-06-09,,,,,,33.01,63.23,,,
2015-06-10,,,,,,31.79,64.68,,,
2015-06-11,,,,,,31.76,63.76,,,
2015-06-12,,,,,,31.51,63.19,,,
2015-06-15,2.744,,,,,32.55,60.99,,,
2015-06-16,,,,,,32.39,60.75,,,
2015-06-17,,,,,,32.83,60.75,,,
2015-06-18,,,,,,31.59,61.37,,,
2015-06-19,,,,,,30.4,59.41,,,
2015-06-22,2.72,,,,,30.06,60.54,,,
2015-06-23,,,,,,29.69,61.67,,,
2015-06-24,,,,,,29.6,61.63,,,
2015-06-25,,,,,,29.26,60.24,,,
2015-06-26,,,,,,29.01,60.14,,,
2015-06-29,2.713,,,,,33.64,59.03,,,
2015-06-30,,,,,,32.43,60.31,,,
2015-07-01,,,78.7,2274.0,218.6,34.11,61.65,202.4,103.4,2.832
2015-07-02,,,,,,33.8,61.73,,,
2015-07-03,,,,,,,59.06,,,
2015-07-06,2.702,,,,,40.01,57.19,,,
2015-07-07,,,,,,40.54,54.72,,,
2015-07-08,,,,,,42.2,55.7,,,
2015-07-09,,,,,,42.04,57.83,,,
2015-07-10,,,,,,41.22,57.72,,,
2015-07-13,2.694,,,,,38.08,57.63,,,
2015-07-14,,,,,,36.31,57.2,,,
2015-07-15,,,,,,37.25,57.34,,,
2015-07-16,,,,,,35.92,57.31,,,
2015-07-17,,,,,,34.68,56.38,,,
2015-07-20,2.661,,,,,36.39,56.42,,,
2015-07-21,,,,,,34.97,55.94,,,
2015-07-22,,,,,,37.66,56.36,,,
2015-07-23,,,,,,38.46,55.76,,,
2015-07-24,,,,,,39.0,54.29,,,
2015-07-27,2.605,,,,,41.15,54.07,,,
2015-07-28,,,,,,39.94,54.3,,,
2015-07-29,,,,,,38.59,54.73,,,
2015-07-30,,,,,,37.33,54.29,,,
2015-07-31,,,,,,38.82,53.29,,,
2015-08-01,,,79.0,2259.4,185.8,,,191.4,100.7,2.679
2015-08-03,2.555,,,,,40.91,49.49,,,
2015-08-04,,,,,,40.12,49.08,,,
2015-08-05,,,,,,40.18,49.04,,,
2015-08-06,,,,,,41.54,47.8,,,
2015-08-07,,,,,,41.17,47.54,,,
2015-08-10,2.505,,,,,40.99,48.3,,,
2015-08-11,,,,,,42.16,47.33,,,
2015-08-12,,,,,,42.4,48.29,,,
2015-08-13,,,,,,43.23,48.01,,,
2015-08-14,,,,,,40.92,47.79,,,
2015-08-17,2.608,,,,,40.35,47.77,,,
2015-08-18,,,,,,39.48,47.0,,,
2015-08-19,,,,,,41.29,45.75,,,
2015-08-20,,,,,,42.58,45.63,,,
2015-08-21,,,,,,44.66,43.84,,,
2015-08-24,2.534,,,,,50.11,41.59,,,
2015-08-25,,,,,,49.0,41.86,,,
2015-08-26,,,,,,46.87,41.76,,,
2015-08-27,,,,,,49.03,44.46,,,
2015-08-28,,,,,,51.56,47.97,,,
2015-08-31,2.406,,,,,54.37,,,,
2015-09-01,,,84.2,2290.1,167.5,57.51,48.8,160.1,94.8,2.394
2015-09-02,,,,,,53.75,47.67,,,
2015-09-03,,,,,,50.44,50.41,,,
2015-09-04,,,,,,49.29,48.59,,,
2015-09-07,2.337,,,,,,46.42,,,
2015-09-08,,,,,,50.14,48.88,,,
2015-09-09,,,,,,49.5,48.04,,,
2015-09-10,,,,,,50.05,47.77,,,
2015-09-11,,,,,,49.63,46.87,,,
2015-09-14,2.28,,,,,49.81,45.87,,,
2015-09-15,,,,,,51.14,45.91,,,
2015-09-16,,,,,,50.24,49.35,,,
2015-09-17,,,,,,45.34,48.27,,,
2015-09-18,,,,,,45.84,47.28,,,
2015-09-21,2.237,,,,,47.51,47.64,,,
2015-09-22,,,,,,48.9,46.69,,,
2015-09-23,,,,,,51.12,48.0,,,
2015-09-24,,,,,,49.44,47.06,,,
2015-09-25,,,,,,47.71,47.28,,,
2015-09-28,2.246,,,,,49.46,46.04,,,
2015-09-29,,,,,,49.32,47.58,,,
2015-09-30,,,,,,45.52,47.29,,,
2015-10-01,,,81.2,2304.7,170.2,44.61,47.48,159.4,94.2,2.289
2015-10-02,,,,,,42.86,46.55,,,
2015-10-05,2.252,,,,,43.03,49.45,,,
2015-10-06,,,,,,44.14,51.34,,,
2015-10-07,,,,,,43.26,51.66,,,
2015-10-08,,,,,,43.28,52.13,,,
2015-10-09,,,,,,42.8,52.08,,,
2015-10-12,2.283,,,,,44.9,50.95,,,
2015-10-13,,,,,,45.37,48.94,,,
2015-10-14,,,,,,42.7,48.25,,,
2015-10-15,,,,,,41.99,47.87,,,
2015-10-16,,,,,,39.58,48.96,,,
2015-10-19,2.22,,,,,40.74,47.51,,,
2015-10-20,,,,,,41.72,46.93,,,
2015-10-21,,,,,,41.77,46.72,,,
2015-10-22,,,,,,40.22,46.59,,,
2015-10-23,,,,,,41.51,46.3,,,
2015-10-26,2.166,,,,,42.99,46.57,,,
2015-10-27,,,,,,44.77,45.54,,,
2015-10-28,,,,,,44.29,47.6,,,
2015-10-29,,,,,,43.63,48.04,,,
2015-10-30,,,,,,41.95,48.0,,,
2015-11-01,,,77.4,2220.2,159.7,,,162.5,94.1,2.185
2015-11-02,2.17,,,,,41.88,47.91,,,
2015-11-03,,,,,,41.27,48.0,,,
2015-11-04,,,,,,41.54,46.96,,,
2015-11-05,,,,,,39.29,47.19,,,
2015-11-06,,,,,,39.85,46.09,,,
2015-11-09,2.172,,,,,41.34,45.38,,,
2015-11-10,,,,,,39.34,46.44,,,
2015-11-11,,,,,,41.92,44.98,,,
2015-11-12,,,,,,43.93,44.98,,,
2015-11-13,,,,,,46.26,41.98,,,
2015-11-16,2.11,,,,,47.44,40.28,,,
2015-11-17,,,,,,46.63,41.28,,,
2015-11-18,,,,,,43.53,41.45,,,
2015-11-19,,,,,,43.75,42.22,,,
2015-11-20,,,,,,44.93,42.49,,,
2015-11-23,2.015,,,,,45.84,43.7,,,
2015-11-24,,,,,,47.17,44.38,,,
2015-11-25,,,,,,48.46,43.56,,,
2015-11-26,,,,,,,43.55,,,
2015-11-27,,,,,,48.28,43.07,,,
2015-11-30,1.974,,,,,48.14,43.73,,,
2015-12-01,,,71.6,2036.9,139.9,49.28,42.97,149.7,90.8,2.06
2015-12-02,,,,,,51.96,41.92,,,
2015-12-03,,,,,,50.65,42.0,,,
2015-12-04,,,,,,45.44,41.44,,,
2015-12-07,1.969,,,,,49.0,39.69,,,
2015-12-08,,,,,,50.34,39.44,,,
2015-12-09,,,,,,51.53,39.04,,,
2015-12-10,,,,,,51.23,38.65,,,
2015-12-11,,,,,,54.29,36.99,,,
2015-12-14,1.953,,,,,55.36,36.51,,,
2015-12-15,,,,,,50.03,37.66,,,
2015-12-16,,,,,,47.64,36.96,,,
2015-12-17,,,,,,47.45,36.29,,,
2015-12-18,,,,,,49.43,36.76,,,
2015-12-21,1.929,,,,,49.18,35.34,,,
2015-12-22,,,,,,48.84,35.26,,,
2015-12-23,,,,,,47.39,35.79,,,
2015-12-24,,,,,,44.81,37.22,,,
2015-12-25,,,,,,,,,,
2015-12-28,1.933,,,,,47.0,37.08,,,
2015-12-29,,,,,,45.27,36.85,,,
2015-12-30,,,,,,46.01,35.65,,,
2015-12-31,,,,,,46.57,36.61,,,
2016-01-01,,,71.6,2277.0,116.1,,,139.7,87.3,1.967
2016-01-04,1.922,,,,,49.79,36.28,,,
2016-01-05,,,,,,49.68,35.56,,,
2016-01-06,,,,,,52.36,33.89,,,
2016-01-07,,,,,,56.15,33.57,,,
2016-01-08,,,,,,56.1,31.67,,,
2016-01-11,1.888,,,,,62.98,30.14,,,
2016-01-12,,,,,,65.27,29.14,,,
2016-01-13,,,,,,60.67,28.58,,,
2016-01-14,,,,,,57.56,28.84,,,
2016-01-15,,,,,,62.09,28.8,,,
2016-01-18,1.81,,,,,,27.36,,,
2016-01-19,,,,,,64.04,27.36,,,
2016-01-20,,,,,,67.93,26.01,,,
2016-01-21,,,,,,65.79,27.59,,,
2016-01-22,,,,,,61.86,30.46,,,
2016-01-25,1.752,,,,,65.74,29.82,,,
2016-01-26,,,,,,65.89,30.94,,,
2016-01-27,,,,,,65.62,31.83,,,
2016-01-28,,,,,,65.99,33.01,,,
2016-01-29,,,,,,61.86,33.14,,,
2016-02-01,1.729,,66.9,2209.0,107.9,66.63,32.45,120.7,83.6,1.767
2016-02-02,,,,,,68.59,30.98,,,
2016-02-03,,,,,,67.71,32.38,,,
2016-02-04,,,,,,66.78,32.76,,,
2016-02-05,,,,,,66.67,32.35,,,
2016-02-08,1.663,,,,,68.38,31.64,,,
2016-02-09,,,,,,72.29,30.15,,,
2016-02-10,,,,,,72.5,29.64,,,
2016-02-11,,,,,,77.79,28.82,,,
2016-02-12,,,,,,78.97,31.8,,,
2016-02-15,1.638,,,,,,,,,
2016-02-16,,,,,,71.53,31.09,,,
2016-02-17,,,,,,69.47,33.21,,,
2016-02-18,,,,,,67.49,33.2,,,
2016-02-19,,,,,,62.46,31.66,,,
2016-02-22,1.661,,,,,62.84,33.59,,,
2016-02-23,,,,,,65.03,31.9,,,
2016-02-24,,,,,,66.09,31.5,,,
2016-02-25,,,,,,63.74,32.83,,,
2016-02-26,,,,,,59.96,35.76,,,
2016-02-29,1.715,,,,,60.01,35.92,,,
2016-03-01,,,53.5,2094.0,124.0,56.84,35.73,128.2,85.7,1.958
2016-03-02,,,,,,53.37,36.38,,,
2016-03-03,,,,,,52.57,35.75,,,
2016-03-04,,,,,,51.89,37.61,,,
2016-03-07,1.782,,,,,52.8,39.02,,,
2016-03-08,,,,,,54.04,39.16,,,
2016-03-09,,,,,,51.74,40.26,,,
2016-03-10,,,,,,51.98,38.63,,,
2016-03-11,,,,,,50.25,39.41,,,
2016-03-14,1.888,,,,,50.17,38.06,,,
2016-03-15,,,,,,48.98,37.49,,,
2016-03-16,,,,,,43.98,38.38,,,
2016-03-17,,,,,,46.22,39.29,,,
2016-03-18,,,,,,44.98,39.26,,,
2016-03-21,1.935,,,,,45.09,39.91,,,
2016-03-22,,,,,,44.12,40.54,,,
2016-03-23,,,,,,44.58,38.84,,,
2016-03-24,,,,,,44.96,38.33,,,
2016-03-25,,,,,,,,,,
2016-03-28,1.976,,,,,45.98,38.33,,,
2016-03-29,,,,,,46.63,36.75,,,
2016-03-30,,,,,,46.38,36.75,,,
2016-03-31,,,,,,45.91,36.75,,,
2016-04-01,,,55.8,2366.4,138.9,47.76,36.42,137.3,87.0,2.134
2016-04-04,1.994,,,,,50.89,36.05,,,
2016-04-05,,,,,,50.16,35.88,,,
2016-04-06,,,,,,46.16,37.77,,,
2016-04-07,,,,,,46.5,37.15,,,
2016-04-08,,,,,,47.42,40.71,,,
2016-04-11,1.981,,,,,49.04,41.58,,,
2016-04-12,,,,,,48.78,43.02,,,
2016-04-13,,,,,,48.79,42.81,,,
2016-04-14,,,,,,46.37,43.02,,,
2016-04-15,,,,,,51.27,41.32,,,
2016-04-18,2.053,,,,,46.45,41.64,,,
2016-04-19,,,,,,43.93,43.02,,,
2016-04-20,,,,,,43.67,43.09,,,
2016-04-21,,,,,,43.76,43.48,,,
2016-04-22,,,,,,41.97,43.97,,,
2016-04-25,2.08,,,,,44.24,42.97,,,
2016-04-26,,,,,,43.51,43.94,,,
2016-04-27,,,,,,43.64,44.17,,,
2016-04-28,,,,,,42.84,45.6,,,
2016-04-29,,,,,,42.52,45.64,,,
2016-05-01,,,55.1,2377.2,159.5,,,142.6,89.1,2.264
2016-05-02,2.168,,,,,45.15,45.82,,,
2016-05-03,,,,,,45.78,43.09,,,
2016-05-04,,,,,,44.76,43.08,,,
2016-05-05,,,,,,44.82,44.39,,,
2016-05-06,,,,,,42.47,44.6,,,
2016-05-09,2.143,,,,,44.14,42.43,,,
2016-05-10,,,,,,42.28,44.01,,,
2016-05-11,,,,,,42.02,46.08,,,
2016-05-12,,,,,,41.5,46.43,,,
2016-05-13,,,,,,41.57,47.05,,,
2016-05-16,2.17,,,,,42.03,48.49,,,
2016-05-17,,,,,,42.75,48.71,,,
2016-05-18,,,,,,42.87,48.93,,,
2016-05-19,,,,,,42.4,47.01,,,
2016-05-20,,,,,,40.17,48.54,,,
2016-05-23,2.235,,,,,39.44,47.77,,,
2016-05-24,,,,,,38.02,48.42,,,
2016-05-25,,,,,,35.94,48.87,,,
2016-05-26,,,,,,36.56,49.52,,,
2016-05-27,,,,,,35.97,49.09,,,
2016-05-30,2.281,,,,,,,,,
2016-05-31,,,,,,38.08,49.26,,,
2016-06-01,,,52.2,2411.2,177.5,40.0,48.81,152.9,91.8,2.363
2016-06-02,,,,,,36.64,49.05,,,
2016-06-03,,,,,,34.81,48.5,,,
2016-06-06,2.328,,,,,35.61,48.94,,,
2016-06-07,,,,,,36.19,49.76,,,
2016-06-08,,,,,,35.17,50.73,,,
2016-06-09,,,,,,35.9,50.59,,,
2016-06-10,,,,,,39.95,49.7,,,
2016-06-13,2.343,,,,,42.72,49.36,,,
2016-06-14,,,,,,43.07,47.88,,,
2016-06-15,,,,,,42.58,47.47,,,
2016-06-16,,,,,,44.49,45.66,,,
2016-06-17,,,,,,41.35,46.57,,,
2016-06-20,2.29,,,,,38.99,48.68,,,
2016-06-21,,,,,,40.37,48.18,,,
2016-06-22,,,,,,43.25,48.43,,,
2016-06-23,,,,,,40.1,48.63,,,
2016-06-24,,,,,,43.33,46.69,,,
2016-06-27,2.25,,,,,42.85,45.07,,,
2016-06-28,,,,,,40.18,46.29,,,
2016-06-29,,,,,,38.29,48.4,,,
2016-06-30,,,,,,38.09,48.05,,,
2016-07-01,,,66.8,2387.2,172.2,36.18,47.65,148.4,91.9,2.225
2016-07-04,2.205,,,,,,48.02,,,
2016-07-05,,,,,,40.08,45.64,,,
2016-07-06,,,,,,41.43,45.7,,,
2016-07-07,,,,,,43.24,45.93,,,
2016-07-08,,,,,,41.41,44.53,,,
2016-07-11,2.171,,,,,42.51,44.04,,,
2016-07-12,,,,,,39.67,46.72,,,
2016-07-13,,,,,,43.1,44.67,,,
2016-07-14,,,,,,38.3,46.01,,,
2016-07-15,,,,,,36.66,46.25,,,
2016-07-18,2.148,,,,,38.15,45.35,,,
2016-07-19,,,,,,37.2,45.7,,,
2016-07-20,,,,,,37.02,45.82,,,
2016-07-21,,,,,,38.13,44.99,,,
2016-07-22,,,,,,38.85,44.24,,,
2016-07-25,2.105,,,,,40.97,43.76,,,
2016-07-26,,,,,,41.27,43.56,,,
2016-07-27,,,,,,41.6,42.78,,,
2016-07-28,,,,,,42.93,41.87,,,
2016-07-29,,,,,,41.08,40.76,,,
2016-08-01,2.091,,73.7,2416.8,165.3,44.22,40.17,143.9,90.7,2.155
2016-08-02,,,,,,45.7,40.0,,,
2016-08-03,,,,,,44.64,40.45,,,
2016-08-04,,,,,,43.1,41.33,,,
2016-08-05,,,,,,41.5,42.47,,,
2016-08-08,2.087,,,,,41.14,43.24,,,
2016-08-09,,,,,,39.76,43.37,,,
2016-08-10,,,,,,39.32,42.19,,,
2016-08-11,,,,,,39.29,44.23,,,
2016-08-12,,,,,,37.78,45.12,,,
2016-08-15,2.096,,,,,37.28,47.31,,,
2016-08-16,,,,,,37.45,48.27,,,
2016-08-17,,,,,,35.12,48.58,,,
2016-08-18,,,,,,36.75,49.46,,,
2016-08-19,,,,,,34.88,49.39,,,
2016-08-22,2.136,,,,,36.41,48.1,,,
2016-08-23,,,,,,37.53,48.7,,,
2016-08-24,,,,,,37.46,47.56,,,
2016-08-25,,,,,,36.76,49.25,,,
2016-08-26,,,,,,36.05,49.66,,,
2016-08-29,2.187,,,,,36.72,49.66,,,
2016-08-30,,,,,,38.03,47.94,,,
2016-08-31,,,,,,39.5,47.94,,,
2016-09-01,,,82.2,2331.9,164.6,41.22,45.05,145.4,92.0,2.208
2016-09-02,,,,,,38.64,45.96,,,
2016-09-05,2.17,,,,,,46.72,,,
2016-09-06,,,,,,39.85,46.21,,,
2016-09-07,,,,,,38.63,47.0,,,
2016-09-08,,,,,,38.21,49.23,,,
2016-09-09,,,,,,39.72,48.37,,,
2016-09-12,2.138,,,,,39.16,47.82,,,
2016-09-13,,,,,,41.1,46.48,,,
2016-09-14,,,,,,42.47,45.65,,,
2016-09-15,,,,,,40.9,45.83,,,
2016-09-16,,,,,,39.86,45.26,,,
2016-09-19,2.17,,,,,39.66,46.04,,,
2016-09-20,,,,,,40.99,45.24,,,
2016-09-21,,,,,,39.85,45.99,,,
2016-09-22,,,,,,41.57,47.21,,,
2016-09-23,,,,,,43.89,46.71,,,
2016-09-26,2.166,,,,,44.9,46.61,,,
2016-09-27,,,,,,43.88,44.95,,,
2016-09-28,,,,,,45.24,45.49,,,
2016-09-29,,,,,,42.05,48.43,,,
2016-09-30,,,,,,39.31,48.24,,,
2016-10-01,,,78.4,2219.2,178.1,,,159.9,94.6,2.243
2016-10-03,2.184,,,,,38.04,48.61,,,
2016-10-04,,,,,,37.66,48.81,,,
2016-10-05,,,,,,36.65,49.57,,,
2016-10-06,,,,,,35.92,50.14,,,
2016-10-07,,,,,,36.6,50.49,,,
2016-10-10,2.216,,,,,36.57,51.54,,,
2016-10-11,,,,,,38.08,50.48,,,
2016-10-12,,,,,,39.05,49.53,,,
2016-10-13,,,,,,37.22,49.29,,,
2016-10-14,,,,,,35.55,48.87,,,
2016-10-17,2.198,,,,,34.88,49.31,,,
2016-10-18,,,,,,36.37,49.81,,,
2016-10-19,,,,,,32.72,51.85,,,
2016-10-20,,,,,,32.48,50.42,,,
2016-10-21,,,,,,32.51,50.28,,,
2016-10-24,2.175,,,,,32.79,49.8,,,
2016-10-25,,,,,,33.93,49.08,,,
2016-10-26,,,,,,35.39,48.98,,,
2016-10-27,,,,,,35.86,49.13,,,
2016-10-28,,,,,,37.76,47.78,,,
2016-10-31,2.159,,,,,40.96,46.2,,,
2016-11-01,,,87.0,2126.3,171.5,40.08,45.77,154.8,93.9,2.187
2016-11-02,,,,,,40.86,44.26,,,
2016-11-03,,,,,,41.49,43.84,,,
2016-11-04,,,,,,43.69,43.06,,,
2016-11-07,2.157,,,,,44.2,42.83,,,
2016-11-08,,,,,,43.56,43.47,,,
2016-11-09,,,,,,41.25,43.88,,,
2016-11-10,,,,,,42.44,43.67,,,
2016-11-11,,,,,,45.31,41.61,,,
2016-11-14,2.105,,,,,50.17,41.83,,,
2016-11-15,,,,,,49.43,44.15,,,
2016-11-16,,,,,,50.09,45.07,,,
2016-11-17,,,,,,47.37,44.57,,,
2016-11-18,,,,,,46.56,44.41,,,
2016-11-21,2.078,,,,,45.71,45.96,,,
2016-11-22,,,,,,46.69,46.1,,,
2016-11-23,,,,,,47.54,46.54,,,
2016-11-24,,,,,,,47.54,,,
2016-11-25,,,,,,53.46,46.32,,,
2016-11-28,2.079,,,,,52.56,46.64,,,
2016-11-29,,,,,,55.09,44.68,,,
2016-11-30,,,,,,44.25,47.95,,,
2016-12-01,,,92.3,2261.1,185.7,40.45,52.28,167.7,96.5,2.23
2016-12-02,,,,,,35.51,52.35,,,
2016-12-05,2.137,,,,,37.0,53.3,,,
2016-12-06,,,,,,37.11,52.31,,,
2016-12-07,,,,,,36.05,51.9,,,
2016-12-08,,,,,,35.03,51.6,,,
2016-12-09,,,,,,35.21,52.19,,,
2016-12-12,2.174,,,,,30.3,53.99,,,
2016-12-13,,,,,,31.35,53.28,,,
2016-12-14,,,,,,33.97,53.15,,,
2016-12-15,,,,,,33.58,51.72,,,
2016-12-16,,,,,,29.18,54.15,,,
2016-12-19,2.203,,,,,29.23,53.53,,,
2016-12-20,,,,,,27.43,54.56,,,
2016-12-21,,,,,,28.39,53.01,,,
2016-12-22,,,,,,30.29,54.04,,,
2016-12-23,,,,,,29.9,53.93,,,
2016-12-26,2.254,,,,,,,,,
2016-12-27,,,,,,30.0,,,,
2016-12-28,,,,,,29.91,54.95,,,
2016-12-29,,,,,,30.01,54.97,,,
2016-12-30,,,,,,30.83,54.96,,,
2017-01-01,,,103.0,2160.0,194.0,,,181.3,99.7,2.351
2017-01-02,2.319,,,,,,,,,
2017-01-03,,,,,,32.88,55.05,,,
2017-01-04,,,,,,32.36,54.57,,,
2017-01-05,,,,,,31.56,54.99,,,
2017-01-06,,,,,,30.47,55.9,,,
2017-01-09,2.328,,,,,33.73,54.39,,,
2017-01-10,,,,,,33.61,53.2,,,
2017-01-11,,,,,,32.95,53.61,,,
2017-01-12,,,,,,32.37,54.51,,,
2017-01-13,,,,,,30.73,54.37,,,
2017-01-16,2.298,,,,,,54.3,,,
2017-01-17,,,,,,31.25,54.68,,,
2017-01-18,,,,,,31.24,53.77,,,
2017-01-19,,,,,,30.88,53.18,,,
2017-01-20,,,,,,29.19,55.04,,,
2017-01-23,2.258,,,,,30.79,54.8,,,
2017-01-24,,,,,,29.59,54.7,,,
2017-01-25,,,,,,30.41,54.34,,,
2017-01-26,,,,,,29.59,55.89,,,
2017-01-27,,,,,,29.78,54.8,,,
2017-01-30,2.224,,,,,30.94,54.77,,,
2017-01-31,,,,,,31.33,55.25,,,
2017-02-01,,,92.5,2014.5,198.1,30.65,55.79,180.8,100.4,2.299
2017-02-02,,,,,,29.39,55.94,,,
2017-02-03,,,,,,28.11,55.92,,,
2017-02-06,2.221,,,,,29.37,55.02,,,
2017-02-07,,,,,,29.61,53.79,,,
2017-02-08,,,,,,29.09,54.42,,,
2017-02-09,,,,,,28.25,53.98,,,
2017-02-10,,,,,,26.43,55.2,,,
2017-02-13,2.228,,,,,26.99,54.15,,,
2017-02-14,,,,,,27.49,54.96,,,
2017-02-15,,,,,,27.75,54.57,,,
2017-02-16,,,,,,27.37,54.16,,,
2017-02-17,,,,,,25.29,54.48,,,
2017-02-20,2.224,,,,,,55.25,,,
2017-02-21,,,,,,25.79,56.34,,,
2017-02-22,,,,,,27.09,54.9,,,
2017-02-23,,,,,,25.79,55.82,,,
2017-02-24,,,,,,25.72,54.69,,,
2017-02-27,2.233,,,,,25.01,54.65,,,
2017-02-28,,,,,,25.46,53.36,,,
2017-03-01,,,79.9,2250.6,191.6,24.67,55.72,172.5,98.9,2.323
2017-03-02,,,,,,25.94,54.16,,,
2017-03-03,,,,,,25.59,54.12,,,
2017-03-06,2.264,,,,,26.96,54.73,,,
2017-03-07,,,,,,26.46,54.61,,,
2017-03-08,,,,,,31.74,53.3,,,
2017-03-09,,,,,,31.98,50.65,,,
2017-03-10,,,,,,33.45,50.63,,,
2017-03-13,2.242,,,,,32.39,50.1,,,
2017-03-14,,,,,,33.19,49.6,,,
2017-03-15,,,,,,30.08,50.63,,,
2017-03-16,,,,,,28.63,50.56,,,
2017-03-17,,,,,,27.45,50.58,,,
2017-03-20,2.238,,,,,28.11,50.67,,,
2017-03-21,,,,,,30.57,50.14,,,
2017-03-22,,,,,,30.05,49.56,,,
2017-03-23,,,,,,29.79,50.17,,,
2017-03-24,,,,,,30.99,49.97,,,
2017-03-27,2.228,,,,,30.78,50.12,,,
2017-03-28,,,,,,29.92,50.72,,,
2017-03-29,,,,,,28.54,51.36,,,
2017-03-30,,,,,,27.82,52.25,,,
2017-03-31,,,,,,27.59,52.2,,,
2017-04-01,,,86.3,2205.7,190.5,,,171.0,99.1,2.418
2017-04-03,2.281,,,,,26.89,52.04,,,
2017-04-04,,,,,,27.97,53.08,,,
2017-04-05,,,,,,27.73,53.41,,,
2017-04-06,,,,,,26.79,53.62,,,
2017-04-07,,,,,,27.46,54.24,,,
2017-04-10,2.351,,,,,26.71,54.79,,,
2017-04-11,,,,,,27.27,54.73,,,
2017-04-12,,,,,,26.92,54.75,,,
2017-04-13,,,,,,26.02,55.05,,,
2017-04-14,,,,,,,,,,
2017-04-17,2.356,,,,,25.8,54.79,,,
2017-04-18,,,,,,26.88,52.6,,,
2017-04-19,,,,,,29.81,52.43,,,
2017-04-20,,,,,,27.96,50.66,,,
2017-04-21,,,,,,30.06,49.93,,,
2017-04-24,2.372,,,,,29.88,49.45,,,
2017-04-25,,,,,,29.39,49.37,,,
2017-04-26,,,,,,29.32,49.99,,,
2017-04-27,,,,,,29.88,49.46,,,
2017-04-28,,,,,,28.55,49.46,,,
2017-05-01,2.331,,82.5,2290.0,191.2,29.42,50.41,151.5,95.9,2.386
2017-05-02,,,,,,32.23,49.31,,,
2017-05-03,,,,,,32.8,48.82,,,
2017-05-04,,,,,,34.67,47.53,,,
2017-05-05,,,,,,33.83,47.45,,,
2017-05-08,2.288,,,,,33.85,46.61,,,
2017-05-09,,,,,,34.21,47.06,,,
2017-05-10,,,,,,34.02,48.09,,,
2017-05-11,,,,,,33.72,49.18,,,
2017-05-12,,,,,,33.72,49.08,,,
2017-05-15,2.283,,,,,33.1,51.29,,,
2017-05-16,,,,,,33.44,51.21,,,
2017-05-17,,,,,,33.9,51.76,,,
2017-05-18,,,,,,32.8,51.71,,,
2017-05-19,,,,,,29.76,52.78,,,
2017-05-22,2.306,,,,,30.59,53.35,,,
2017-05-23,,,,,,31.77,53.19,,,
2017-05-24,,,,,,30.94,53.29,,,
2017-05-25,,,,,,33.03,52.25,,,
2017-05-26,,,,,,30.04,50.84,,,
2017-05-29,2.308,,,,,,52.25,,,
2017-05-30,,,,,,30.3,50.65,,,
2017-05-31,,,,,,32.29,49.4,,,
2017-06-01,,,81.8,2300.2,180.2,31.19,50.41,150.0,95.2,2.337
2017-06-02,,,,,,32.47,48.46,,,
2017-06-05,2.325,,,,,33.71,48.25,,,
2017-06-06,,,,,,32.12,48.11,,,
2017-06-07,,,,,,34.23,47.08,,,
2017-06-08,,,,,,33.84,46.3,,,
2017-06-09,,,,,,32.59,46.64,,,
2017-06-12,2.276,,,,,33.95,47.18,,,
2017-06-13,,,,,,32.34,46.95,,,
2017-06-14,,,,,,32.02,45.47,,,
2017-06-15,,,,,,31.9,45.61,,,
2017-06-16,,,,,,27.93,45.7,,,
2017-06-19,2.224,,,,,30.34,45.93,,,
2017-06-20,,,,,,32.49,43.98,,,
2017-06-21,,,,,,33.32,44.62,,,
2017-06-22,,,,,,32.65,44.46,,,
2017-06-23,,,,,,31.92,44.14,,,
2017-06-26,2.201,,,,,31.77,44.09,,,
2017-06-27,,,,,,32.28,46.17,,,
2017-06-28,,,,,,30.8,46.45,,,
2017-06-29,,,,,,30.46,47.02,,,
2017-06-30,,,,,,28.7,47.08,,,
2017-07-01,,,79.3,2315.0,181.9,,,149.8,95.3,2.281
2017-07-03,2.163,,,,,30.26,49.13,,,
2017-07-04,,,,,,,49.15,,,
2017-07-05,,,,,,32.61,47.58,,,
2017-07-06,,,,,,32.82,48.53,,,
2017-07-07,,,,,,33.17,46.47,,,
2017-07-10,2.21,,,,,33.23,46.57,,,
2017-07-11,,,,,,33.61,46.68,,,
2017-07-12,,,,,,32.48,46.73,,,
2017-07-13,,,,,,31.76,47.65,,,
2017-07-14,,,,,,30.28,47.89,,,
2017-07-17,2.188,,,,,30.61,47.66,,,
2017-07-18,,,,,,29.96,47.92,,,
2017-07-19,,,,,,29.55,48.34,,,
2017-07-20,,,,,,29.25,48.54,,,
2017-07-21,,,,,,29.25,47.47,,,
2017-07-24,2.224,,,,,29.24,47.81,,,
2017-07-25,,,,,,29.18,49.19,,,
2017-07-26,,,,,,29.44,50.08,,,
2017-07-27,,,,,,29.81,50.67,,,
2017-07-28,,,,,,29.86,52.0,,,
2017-07-31,2.269,,,,,30.84,51.99,,,
2017-08-01,,,74.6,2275.5,188.5,30.54,50.77,162.3,98.2,2.374
2017-08-02,,,,,,30.43,52.09,,,
2017-08-03,,,,,,29.65,52.88,,,
2017-08-04,,,,,,28.53,52.48,,,
2017-08-07,2.29,,,,,28.73,51.42,,,
2017-08-08,,,,,,29.44,52.18,,,
2017-08-09,,,,,,29.06,52.16,,,
2017-08-10,,,,,,29.27,52.59,,,
2017-08-11,,,,,,28.41,51.47,,,
2017-08-14,2.301,,,,,29.16,51.29,,,
2017-08-15,,,,,,29.31,49.9,,,
2017-08-16,,,,,,29.18,50.39,,,
2017-08-17,,,,,,29.31,50.37,,,
2017-08-18,,,,,,27.53,50.96,,,
2017-08-21,2.273,,,,,28.77,51.94,,,
2017-08-22,,,,,,27.97,52.29,,,
2017-08-23,,,,,,27.8,52.31,,,
2017-08-24,,,,,,28.37,51.73,,,
2017-08-25,,,,,,28.88,51.87,,,
2017-08-28,2.322,,,,,30.39,51.87,,,
2017-08-29,,,,,,30.49,51.64,,,
2017-08-30,,,,,,29.78,51.91,,,
2017-08-31,,,,,,29.1,52.69,,,
2017-09-01,,,67.4,2288.6,199.0,28.97,53.15,182.0,102.3,2.63
2017-09-04,2.604,,,,,,52.6,,,
2017-09-05,,,,,,29.58,53.63,,,
2017-09-06,,,,,,30.07,54.48,,,
2017-09-07,,,,,,29.73,54.16,,,
2017-09-08,,,,,,29.49,54.55,,,
2017-09-11,2.61,,,,,27.73,54.2,,,
2017-09-12,,,,,,27.59,55.06,,,
2017-09-13,,,,,,26.62,55.52,,,
2017-09-14,,,,,,26.09,56.76,,,
2017-09-15,,,,,,26.65,56.18,,,
2017-09-18,2.559,,,,,27.53,55.5,,,
2017-09-19,,,,,,25.76,56.58,,,
2017-09-20,,,,,,26.99,57.2,,,
2017-09-21,,,,,,26.3,57.73,,,
2017-09-22,,,,,,26.39,58.16,,,
2017-09-25,2.508,,,,,26.93,59.42,,,
2017-09-26,,,,,,27.8,59.77,,,
2017-09-27,,,,,,27.29,58.74,,,
2017-09-28,,,,,,27.18,58.8,,,
2017-09-29,,,,,,26.83,57.02,,,
2017-10-01,,,65.8,2324.0,205.0,,,177.4,102.5,2.484
2017-10-02,2.493,,,,,27.72,55.67,,,
2017-10-03,,,,,,27.95,56.12,,,
2017-10-04,,,,,,27.04,56.0,,,
2017-10-05,,,,,,26.45,57.09,,,
2017-10-06,,,,,,27.59,55.5,,,
2017-10-09,2.426,,,,,27.32,55.29,,,
2017-10-10,,,,,,26.54,56.62,,,
2017-10-11,,,,,,26.43,56.13,,,
2017-10-12,,,,,,25.85,56.13,,,
2017-10-13,,,,,,25.73,56.86,,,
2017-10-16,2.413,,,,,26.32,57.49,,,
2017-10-17,,,,,,25.87,57.63,,,
2017-10-18,,,,,,26.41,58.05,,,
2017-10-19,,,,,,26.3,57.82,,,
2017-10-20,,,,,,24.51,57.89,,,
2017-10-23,2.406,,,,,25.08,57.69,,,
2017-10-24,,,,,,25.6,57.84,,,
2017-10-25,,,,,,25.44,58.45,,,
2017-10-26,,,,,,25.22,58.75,,,
2017-10-27,,,,,,25.18,60.15,,,
2017-10-30,2.41,,,,,25.33,60.65,,,
2017-10-31,,,,,,25.31,61.35,,,
2017-11-01,,,82.7,2308.1,224.2,25.65,60.98,193.7,105.3,2.548
2017-11-02,,,,,,25.65,60.79,,,
2017-11-03,,,,,,24.82,61.42,,,
2017-11-06,2.468,,,,,26.85,64.27,,,
2017-11-07,,,,,,28.75,64.36,,,
2017-11-08,,,,,,27.99,63.96,,,
2017-11-09,,,,,,28.37,64.49,,,
2017-11-10,,,,,,29.4,64.35,,,
2017-11-13,2.504,,,,,30.22,62.94,,,
2017-11-14,,,,,,30.08,60.91,,,
2017-11-15,,,,,,29.84,61.25,,,
2017-11-16,,,,,,28.42,61.18,,,
2017-11-17,,,,,,26.96,61.34,,,
2017-11-20,2.48,,,,,27.18,61.34,,,
2017-11-21,,,,,,26.64,62.28,,,
2017-11-22,,,,,,26.83,62.92,,,
2017-11-23,,,,,,,63.27,,,
2017-11-24,,,,,,26.88,63.58,,,
2017-11-27,2.444,,,,,28.36,63.25,,,
2017-11-28,,,,,,28.13,63.56,,,
2017-11-29,,,,,,28.02,63.74,,,
2017-11-30,,,,,,25.95,63.53,,,
2017-12-01,,,99.2,2443.6,231.4,23.73,64.57,197.1,107.1,2.459
2017-12-04,2.41,,,,,23.68,63.45,,,
2017-12-05,,,,,,23.13,63.45,,,
2017-12-06,,,,,,23.13,62.25,,,
2017-12-07,,,,,,23.13,62.37,,,
2017-12-08,,,,,,23.85,63.86,,,
2017-12-11,2.401,,,,,22.96,65.62,,,
2017-12-12,,,,,,22.84,64.96,,,
2017-12-13,,,,,,23.49,63.66,,,
2017-12-14,,,,,,23.0,63.72,,,
2017-12-15,,,,,,21.25,63.81,,,
2017-12-18,2.358,,,,,18.43,64.45,,,
2017-12-19,,,,,,18.88,63.69,,,
2017-12-20,,,,,,19.46,64.43,,,
2017-12-21,,,,,,17.86,64.64,,,
2017-12-22,,,,,,19.26,64.61,,,
2017-12-25,2.384,,,,,,,,,
2017-12-26,,,,,,20.99,,,,
2017-12-27,,,,,,20.64,66.03,,,
2017-12-28,,,,,,20.71,66.8,,,
2017-12-29,,,,,,21.32,66.73,,,
2018-01-01,2.436,,112.5,2503.1,241.0,,,197.6,108.0,2.539
2018-01-02,,,,,,22.73,66.65,,,
2018-01-03,,,,,,22.75,67.85,,,
2018-01-04,,,,,,22.12,68.73,,,
2018-01-05,,,,,,22.3,68.01,,,
2018-01-08,2.429,,,,,21.9,68.48,,,
2018-01-09,,,,,,22.96,69.08,,,
2018-01-10,,,,,,23.52,69.79,,,
2018-01-11,,,,,,23.52,70.36,,,
2018-01-12,,,,,,23.52,69.64,,,
2018-01-15,2.473,,,,,,70.31,,,
2018-01-16,,,,,,26.41,69.4,,,
2018-01-17,,,,,,24.78,69.19,,,
2018-01-18,,,,,,24.38,69.48,,,
2018-01-19,,,,,,21.2,68.56,,,
2018-01-22,2.482,,,,,22.03,69.32,,,
2018-01-23,,,,,,22.34,69.81,,,
2018-01-24,,,,,,23.93,69.91,,,
2018-01-25,,,,,,22.35,71.08,,,
2018-01-26,,,,,,22.29,70.08,,,
2018-01-29,2.516,,,,,22.73,68.41,,,
2018-01-30,,,,,,22.9,67.78,,,
2018-01-31,,,,,,22.23,67.78,,,
2018-02-01,,,95.0,2339.2,234.8,22.24,68.6,207.0,109.8,2.575
2018-02-02,,,,,,23.8,67.45,,,
2018-02-05,2.544,,,,,25.91,67.69,,,
2018-02-06,,,,,,26.59,66.75,,,
2018-02-07,,,,,,26.79,65.74,,,
2018-02-08,,,,,,29.5,64.26,,,
2018-02-09,,,,,,29.85,63.04,,,
2018-02-12,2.511,,,,,29.42,62.2,,,
2018-02-13,,,,,,30.39,61.94,,,
2018-02-14,,,,,,27.73,62.29,,,
2018-02-15,,,,,,27.57,62.86,,,
2018-02-16,,,,,,26.97,64.3,,,
2018-02-19,2.455,,,,,,64.95,,,
2018-02-20,,,,,,27.58,64.68,,,
2018-02-21,,,,,,26.93,64.81,,,
2018-02-22,,,,,,24.98,66.12,,,
2018-02-23,,,,,,24.37,67.04,,,
2018-02-26,2.442,,,,,24.36,67.96,,,
2018-02-27,,,,,,25.29,67.59,,,
2018-02-28,,,,,,26.92,66.08,,,
2018-03-01,,,85.1,2513.7,230.3,26.98,64.23,193.4,107.1,2.572
2018-03-02,,,,,,26.15,64.26,,,
2018-03-05,2.462,,,,,26.3,65.78,,,
2018-03-06,,,,,,25.55,65.67,,,
2018-03-07,,,,,,26.94,65.09,,,
2018-03-08,,,,,,26.16,63.87,,,
2018-03-09,,,,,,26.23,65.19,,,
2018-03-12,2.455,,,,,24.02,64.53,,,
2018-03-13,,,,,,25.5,64.2,,,
2018-03-14,,,,,,25.21,63.61,,,
2018-03-15,,,,,,25.07,63.67,,,
2018-03-16,,,,,,24.53,64.68,,,
2018-03-19,2.494,,,,,25.28,64.82,,,
2018-03-20,,,,,,25.3,66.0,,,
2018-03-21,,,,,,25.95,68.15,,,
2018-03-22,,,,,,26.47,68.98,,,
2018-03-23,,,,,,27.56,69.03,,,
2018-03-26,2.541,,,,,27.71,68.81,,,
2018-03-27,,,,,,27.38,68.63,,,
2018-03-28,,,,,,26.67,68.13,,,
2018-03-29,,,,,,25.07,69.02,,,
2018-03-30,,,,,,,,,,
2018-04-01,,,83.5,2689.2,243.5,,,198.6,108.5,2.737
2018-04-02,2.592,,,,,27.53,,,,
2018-04-03,,,,,,26.89,69.02,,,
2018-04-04,,,,,,26.17,66.04,,,
2018-04-05,,,,,,24.38,66.54,,,
2018-04-06,,,,,,24.99,66.51,,,
2018-04-09,2.587,,,,,25.64,68.19,,,
2018-04-10,,,,,,28.05,70.67,,,
2018-04-11,,,,,,29.42,72.74,,,
2018-04-12,,,,,,28.73,71.44,,,
2018-04-13,,,,,,28.52,73.18,,,
2018-04-16,2.644,,,,,28.84,72.05,,,
2018-04-17,,,,,,27.88,71.71,,,
2018-04-18,,,,,,29.42,73.73,,,
2018-04-19,,,,,,29.36,74.85,,,
2018-04-20,,,,,,28.99,74.62,,,
2018-04-23,2.696,,,,,28.97,74.54,,,
2018-04-24,,,,,,29.15,75.86,,,
2018-04-25,,,,,,28.16,73.79,,,
2018-04-26,,,,,,26.86,75.39,,,
2018-04-27,,,,,,25.59,75.33,,,
2018-04-30,2.741,,,,,28.28,75.92,,,
2018-05-01,,,62.9,2490.2,265.0,28.07,74.85,205.1,110.6,2.907
2018-05-02,,,,,,27.32,73.14,,,
2018-05-03,,,,,,26.69,73.45,,,
2018-05-04,,,,,,26.17,74.75,,,
2018-05-07,2.733,,,,,28.86,,,,
2018-05-08,,,,,,26.76,74.16,,,
2018-05-09,,,,,,26.71,77.6,,,
2018-05-10,,,,,,26.61,77.59,,,
2018-05-11,,,,,,25.74,77.37,,,
2018-05-14,2.786,,,,,25.93,78.17,,,
2018-05-15,,,,,,26.61,78.94,,,
2018-05-16,,,,,,25.73,78.19,,,
2018-05-17,,,,,,25.11,80.09,,,
2018-05-18,,,,,,25.23,78.38,,,
2018-05-21,2.834,,,,,25.79,78.34,,,
2018-05-22,,,,,,25.89,80.42,,,
2018-05-23,,,,,,26.04,78.69,,,
2018-05-24,,,,,,25.37,78.9,,,
2018-05-25,,,,,,27.76,76.6,,,
2018-05-28,2.877,,,,,,,,,
2018-05-29,,,,,,29.04,74.51,,,
2018-05-30,,,,,,27.9,75.89,,,
2018-05-31,,,,,,27.61,76.45,,,
2018-06-01,,,59.5,2475.3,270.2,28.65,74.54,208.6,111.8,2.914
2018-06-04,2.849,,,,,29.49,73.41,,,
2018-06-05,,,,,,29.3,72.91,,,
2018-06-06,,,,,,29.14,73.23,,,
2018-06-07,,,,,,28.05,75.23,,,
2018-06-08,,,,,,27.59,75.11,,,
2018-06-11,2.822,,,,,26.86,74.58,,,
2018-06-12,,,,,,26.58,74.86,,,
2018-06-13,,,,,,27.08,75.07,,,
2018-06-14,,,,,,26.69,74.77,,,
2018-06-15,,,,,,27.64,72.02,,,
2018-06-18,2.79,,,,,27.58,74.87,,,
2018-06-19,,,,,,28.01,74.92,,,
2018-06-20,,,,,,28.06,74.25,,,
2018-06-21,,,,,,27.78,72.87,,,
2018-06-22,,,,,,25.52,73.67,,,
2018-06-25,2.745,,,,,26.1,72.82,,,
2018-06-26,,,,,,25.67,73.58,,,
2018-06-27,,,,,,27.69,76.09,,,
2018-06-28,,,,,,27.35,76.26,,,
2018-06-29,,,,,,27.18,77.44,,,
2018-07-01,,,72.3,2517.9,272.1,,,205.7,111.2,2.873
2018-07-02,2.762,,,,,28.65,76.71,,,
2018-07-03,,,,,,28.58,75.87,,,
2018-07-04,,,,,,,76.99,,,
2018-07-05,,,,,,28.77,77.09,,,
2018-07-06,,,,,,28.13,74.98,,,
2018-07-09,2.774,,,,,28.12,77.08,,,
2018-07-10,,,,,,26.9,77.8,,,
2018-07-11,,,,,,28.56,75.35,,,
2018-07-12,,,,,,27.81,72.11,,,
2018-07-13,,,,,,27.54,74.11,,,
2018-07-16,2.79,,,,,29.01,71.03,,,
2018-07-17,,,,,,28.0,70.87,,,
2018-07-18,,,,,,27.24,70.52,,,
2018-07-19,,,,,,26.84,71.94,,,
2018-07-20,,,,,,26.01,71.99,,,
2018-07-23,2.754,,,,,26.15,73.45,,,
2018-07-24,,,,,,25.65,73.53,,,
2018-07-25,,,,,,25.34,73.67,,,
2018-07-26,,,,,,24.88,74.51,,,
2018-07-27,,,,,,24.97,74.84,,,
2018-07-30,2.772,,,,,25.83,74.99,,,
2018-07-31,,,,,,26.52,74.16,,,
2018-08-01,,,68.7,2498.3,263.7,26.45,72.28,208.2,111.9,2.862
2018-08-02,,,,,,25.73,72.95,,,
2018-08-03,,,,,,25.61,72.48,,,
2018-08-06,2.781,,,,,25.42,72.51,,,
2018-08-07,,,,,,25.22,72.31,,,
2018-08-08,,,,,,26.41,70.71,,,
2018-08-09,,,,,,25.4,70.55,,,
2018-08-10,,,,,,25.45,71.0,,,
2018-08-13,2.774,,,,,25.31,70.62,,,
2018-08-14,,,,,,26.18,70.77,,,
2018-08-15,,,,,,27.26,68.38,,,
2018-08-16,,,,,,26.33,69.21,,,
2018-08-17,,,,,,25.71,70.14,,,
2018-08-20,2.755,,,,,25.26,71.11,,,
2018-08-21,,,,,,25.08,71.65,,,
2018-08-22,,,,,,24.72,72.96,,,
2018-08-23,,,,,,24.35,73.73,,,
2018-08-24,,,,,,23.31,74.41,,,
2018-08-27,2.761,,,,,23.68,74.41,,,
2018-08-28,,,,,,24.5,75.91,,,
2018-08-29,,,,,,24.32,76.07,,,
2018-08-30,,,,,,24.89,77.05,,,
2018-08-31,,,,,,25.02,76.94,,,
2018-09-01,,,67.6,2565.2,263.9,,,211.2,112.9,2.873
2018-09-03,2.759,,,,,,77.81,,,
2018-09-04,,,,,,26.7,77.51,,,
2018-09-05,,,,,,26.62,76.68,,,
2018-09-06,,,,,,26.16,75.67,,,
2018-09-07,,,,,,26.07,75.55,,,
2018-09-10,2.765,,,,,26.13,76.77,,,
2018-09-11,,,,,,27.14,78.22,,,
2018-09-12,,,,,,26.94,80.02,,,
2018-09-13,,,,,,26.7,77.66,,,
2018-09-14,,,,,,26.4,77.87,,,
2018-09-17,2.771,,,,,26.49,78.22,,,
2018-09-18,,,,,,26.8,79.25,,,
2018-09-19,,,,,,26.35,79.43,,,
2018-09-20,,,,,,26.07,79.03,,,
2018-09-21,,,,,,26.15,78.9,,,
2018-09-24,2.779,,,,,26.97,80.89,,,
2018-09-25,,,,,,26.83,82.21,,,
2018-09-26,,,,,,26.53,81.87,,,
2018-09-27,,,,,,26.45,81.54,,,
2018-09-28,,,,,,26.73,82.72,,,
2018-10-01,2.796,,79.7,2597.3,271.3,27.95,84.94,223.5,115.1,2.887
2018-10-02,,,,,,27.68,85.63,,,
2018-10-03,,,,,,28.04,85.45,,,
2018-10-04,,,,,,28.9,86.07,,,
2018-10-05,,,,,,28.84,85.12,,,
2018-10-08,2.829,,,,,28.86,84.22,,,
2018-10-09,,,,,,27.9,85.16,,,
2018-10-10,,,,,,28.81,83.82,,,
2018-10-11,,,,,,29.29,81.35,,,
2018-10-12,,,,,,27.73,80.71,,,
2018-10-15,2.806,,,,,28.59,80.91,,,
2018-10-16,,,,,,28.59,80.53,,,
2018-10-17,,,,,,28.13,79.91,,,
2018-10-18,,,,,,28.53,80.3,,,
2018-10-19,,,,,,27.42,80.38,,,
2018-10-22,2.763,,,,,27.76,80.45,,,
2018-10-23,,,,,,29.38,78.67,,,
2018-10-24,,,,,,29.8,77.34,,,
2018-10-25,,,,,,28.5,77.3,,,
2018-10-26,,,,,,29.09,77.4,,,
2018-10-29,2.732,,,,,29.46,77.56,,,
2018-10-30,,,,,,29.9,75.68,,,
2018-10-31,,,,,,30.12,74.84,,,
2018-11-01,,,129.4,2639.5,220.8,31.54,71.25,194.7,109.6,2.671
2018-11-02,,,,,,32.21,71.11,,,
2018-11-05,2.67,,,,,32.68,72.68,,,
2018-11-06,,,,,,34.15,70.64,,,
2018-11-07,,,,,,33.05,70.1,,,
2018-11-08,,,,,,32.23,69.29,,,
2018-11-09,,,,,,35.1,69.01,,,
2018-11-12,2.604,,,,,40.14,69.81,,,
2018-11-13,,,,,,55.71,65.45,,,
2018-11-14,,,,,,47.07,64.88,,,
2018-11-15,,,,,,43.87,65.61,,,
2018-11-16,,,,,,40.56,65.29,,,
2018-11-19,2.525,,,,,43.45,64.14,,,
2018-11-20,,,,,,56.56,61.5,,,
2018-11-21,,,,,,51.79,61.65,,,
2018-11-22,,,,,,,61.11,,,
2018-11-23,,,,,,65.17,57.69,,,
2018-11-26,2.445,,,,,57.87,59.7,,,
2018-11-27,,,,,,54.64,59.58,,,
2018-11-28,,,,,,53.99,57.97,,,
2018-11-29,,,,,,53.96,58.29,,,
2018-11-30,,,,,,56.04,57.71,,,
2018-12-01,,,153.2,2390.5,178.3,,,173.4,103.9,2.414
2018-12-03,2.35,,,,,49.61,60.17,,,
2018-12-04,,,,,,49.84,61.22,,,
2018-12-05,,,,,,,61.4,,,
2018-12-06,,,,,,50.13,57.83,,,
2018-12-07,,,,,,41.83,61.71,,,
2018-12-10,2.325,,,,,45.06,60.29,,,
2018-12-11,,,,,,41.46,59.73,,,
2018-12-12,,,,,,39.9,59.94,,,
2018-12-13,,,,,,39.25,59.03,,,
2018-12-14,,,,,,42.38,58.56,,,
2018-12-17,2.268,,,,,46.59,57.59,,,
2018-12-18,,,,,,53.35,55.26,,,
2018-12-19,,,,,,50.86,55.6,,,
2018-12-20,,,,,,52.89,52.84,,,
2018-12-21,,,,,,51.76,51.93,,,
2018-12-24,2.216,,,,,56.73,,,,
2018-12-25,,,,,,,,,,
2018-12-26,,,,,,54.07,,,,
2018-12-27,,,,,,57.16,51.49,,,
2018-12-28,,,,,,53.11,50.57,,,
2018-12-31,2.156,,,,,51.87,,,,
2019-01-01,,,101.3,2578.8,201.1,,,154.2,99.2,2.289
2019-01-02,,,,,,54.72,54.06,,,
2019-01-03,,,,,,53.57,53.23,,,
2019-01-04,,,,,,51.52,55.64,,,
2019-01-07,2.128,,,,,50.42,57.1,,,
2019-01-08,,,,,,46.08,56.91,,,
2019-01-09,,,,,,44.36,59.46,,,
2019-01-10,,,,,,42.99,60.47,,,
2019-01-11,,,,,,40.99,59.24,,,
2019-01-14,2.143,,,,,40.81,58.8,,,
2019-01-15,,,,,,39.75,58.65,,,
2019-01-16,,,,,,38.77,59.81,,,
2019-01-17,,,,,,37.03,59.85,,,
2019-01-18,,,,,,35.63,62.04,,,
2019-01-21,2.147,,,,,,62.18,,,
2019-01-22,,,,,,38.26,60.9,,,
2019-01-23,,,,,,37.69,61.05,,,
2019-01-24,,,,,,36.75,61.09,,,
2019-01-25,,,,,,35.21,61.49,,,
2019-01-28,2.162,,,,,37.61,59.71,,,
2019-01-29,,,,,,37.13,60.98,,,
2019-01-30,,,,,,35.59,61.89,,,
2019-01-31,,,,,,34.97,62.46,,,
2019-02-01,,,114.4,2608.6,229.9,33.4,61.86,164.7,101.9,2.353
2019-02-04,2.162,,,,,33.7,62.26,,,
2019-02-05,,,,,,34.57,61.67,,,
2019-02-06,,,,,,33.02,62.22,,,
2019-02-07,,,,,,34.34,61.01,,,
2019-02-08,,,,,,32.56,61.37,,,
2019-02-11,2.187,,,,,33.34,61.3,,,
2019-02-12,,,,,,32.69,62.58,,,
2019-02-13,,,,,,32.26,63.27,,,
2019-02-14,,,,,,32.1,64.0,,,
2019-02-15,,,,,,29.46,65.65,,,
2019-02-18,2.23,,,,,,66.41,,,
2019-02-19,,,,,,31.0,65.86,,,
2019-02-20,,,,,,30.76,66.82,,,
2019-02-21,,,,,,30.16,66.91,,,
2019-02-22,,,,,,29.85,66.91,,,
2019-02-25,2.311,,,,,32.69,64.02,,,
2019-02-26,,,,,,31.57,64.51,,,
2019-02-27,,,,,,31.01,65.55,,,
2019-02-28,,,,,,30.27,65.03,,,
2019-03-01,,,141.4,2667.6,246.4,30.31,63.71,177.7,105.4,2.564
2019-03-04,2.352,,,,,30.2,64.44,,,
2019-03-05,,,,,,30.21,64.24,,,
2019-03-06,,,,,,29.69,64.51,,,
2019-03-07,,,,,,30.43,64.82,,,
2019-03-08,,,,,,29.77,65.66,,,
2019-03-11,2.399,,,,,29.18,65.06,,,
2019-03-12,,,,,,28.56,65.33,,,
2019-03-13,,,,,,28.13,65.89,,,
2019-03-14,,,,,,27.22,66.18,,,
2019-03-15,,,,,,26.27,66.11,,,
2019-03-18,2.477,,,,,26.48,66.65,,,
2019-03-19,,,,,,28.44,67.13,,,
2019-03-20,,,,,,27.21,68.35,,,
2019-03-21,,,,,,27.14,68.3,,,
2019-03-22,,,,,,27.78,66.29,,,
2019-03-25,2.544,,,,,29.32,67.37,,,
2019-03-26,,,,,,27.92,67.51,,,
2019-03-27,,,,,,28.11,67.35,,,
2019-03-28,,,,,,28.52,66.08,,,
2019-03-29,,,,,,26.75,67.93,,,
2019-04-01,2.611,,74.7,2528.7,259.7,26.23,69.08,201.9,109.4,2.835
2019-04-02,,,,,,26.28,69.68,,,
2019-04-03,,,,,,25.57,69.21,,,
2019-04-04,,,,,,25.22,69.8,,,
2019-04-05,,,,,,24.0,69.93,,,
2019-04-08,2.65,,,,,24.33,71.12,,,
2019-04-09,,,,,,24.66,71.02,,,
2019-04-10,,,,,,24.68,71.63,,,
2019-04-11,,,,,,25.7,71.3,,,
2019-04-12,,,,,,25.7,71.57,,,
2019-04-15,2.725,,,,,25.51,70.9,,,
2019-04-16,,,,,,25.57,70.74,,,
2019-04-17,,,,,,25.19,71.14,,,
2019-04-18,,,,,,24.45,70.71,,,
2019-04-19,,,,,,,,,,
2019-04-22,2.723,,,,,26.07,70.71,,,
2019-04-23,,,,,,26.56,74.39,,,
2019-04-24,,,,,,25.28,73.59,,,
2019-04-25,,,,,,25.57,74.94,,,
2019-04-26,,,,,,31.24,71.03,,,
2019-04-29,2.761,,,,,29.04,71.22,,,
2019-04-30,,,,,,29.31,72.19,,,
2019-05-01,,,73.3,2589.3,269.3,29.41,72.01,196.7,108.1,2.901
2019-05-02,,,,,,30.49,70.56,,,
2019-05-03,,,,,,29.88,71.95,,,
2019-05-06,2.771,,,,,30.91,71.95,,,
2019-05-07,,,,,,34.07,70.98,,,
2019-05-08,,,,,,32.23,71.09,,,
2019-05-09,,,,,,32.48,70.61,,,
2019-05-10,,,,,,32.8,71.63,,,
2019-05-13,2.735,,,,,34.6,72.35,,,
2019-05-14,,,,,,32.13,72.53,,,
2019-05-15,,,,,,29.26,73.09,,,
2019-05-16,,,,,,29.42,74.7,,,
2019-05-17,,,,,,29.44,73.94,,,
2019-05-20,2.723,,,,,27.63,73.21,,,
2019-05-21,,,,,,26.93,72.94,,,
2019-05-22,,,,,,28.19,71.94,,,
2019-05-23,,,,,,33.79,68.37,,,
2019-05-24,,,,,,33.19,67.98,,,
2019-05-27,2.696,,,,,,,,,
2019-05-28,,,,,,34.36,70.19,,,
2019-05-29,,,,,,36.43,70.64,,,
2019-05-30,,,,,,39.62,69.55,,,
2019-05-31,,,,,,46.91,66.78,,,
2019-06-01,,,57.1,2531.8,246.5,,,185.6,104.7,2.752
2019-06-03,2.691,,,,,46.78,63.16,,,
2019-06-04,,,,,,43.46,63.56,,,
2019-06-05,,,,,,45.19,62.14,,,
2019-06-06,,,,,,40.66,62.77,,,
2019-06-07,,,,,,38.75,64.1,,,
2019-06-10,2.62,,,,,39.12,64.31,,,
2019-06-11,,,,,,38.69,63.56,,,
2019-06-12,,,,,,43.06,61.66,,,
2019-06-13,,,,,,41.56,63.28,,,
2019-06-14,,,,,,42.89,63.13,,,
2019-06-17,2.553,,,,,46.15,62.56,,,
2019-06-18,,,,,,43.43,63.35,,,
2019-06-19,,,,,,40.79,62.85,,,
2019-06-20,,,,,,41.66,65.44,,,
2019-06-21,,,,,,42.13,65.99,,,
2019-06-24,2.541,,,,,41.0,65.16,,,
2019-06-25,,,,,,40.26,66.24,,,
2019-06-26,,,,,,38.45,66.85,,,
2019-06-27,,,,,,37.84,66.78,,,
2019-06-28,,,,,,39.46,67.52,,,
2019-07-01,2.608,,55.0,2545.1,244.6,35.92,65.1,186.4,105.5,2.776
2019-07-02,,,,,,37.77,62.72,,,
2019-07-03,,,,,,36.72,63.53,,,
2019-07-04,,,,,,,63.62,,,
2019-07-05,,,,,,34.7,64.23,,,
2019-07-08,2.644,,,,,34.0,64.89,,,
2019-07-09,,,,,,30.3,64.3,,,
2019-07-10,,,,,,30.76,66.41,,,
2019-07-11,,,,,,29.86,67.64,,,
2019-07-12,,,,,,30.39,66.65,,,
2019-07-15,2.682,,,,,30.83,66.86,,,
2019-07-16,,,,,,32.06,65.87,,,
2019-07-17,,,,,,34.94,63.67,,,
2019-07-18,,,,,,33.07,60.7,,,
2019-07-19,,,,,,34.84,61.04,,,
2019-07-22,2.653,,,,,33.63,61.96,,,
2019-07-23,,,,,,32.25,62.28,,,
2019-07-24,,,,,,32.86,63.83,,,
2019-07-25,,,,,,31.95,63.47,,,
2019-07-26,,,,,,32.29,62.46,,,
2019-07-29,2.615,,,,,31.63,62.29,,,
2019-07-30,,,,,,30.07,62.55,,,
2019-07-31,,,,,,30.77,64.07,,,
2019-08-01,,,58.5,2610.4,232.7,36.43,62.9,182.7,104.7,2.655
2019-08-02,,,,,,35.56,61.12,,,
2019-08-05,2.588,,,,,37.04,59.32,,,
2019-08-06,,,,,,36.43,58.63,,,
2019-08-07,,,,,,38.1,55.03,,,
2019-08-08,,,,,,35.98,56.29,,,
2019-08-09,,,,,,35.14,57.37,,,
2019-08-12,2.524,,,,,34.43,57.13,,,
2019-08-13,,,,,,33.19,59.9,,,
2019-08-14,,,,,,35.83,57.86,,,
2019-08-15,,,,,,36.2,57.37,,,
2019-08-16,,,,,,35.02,59.0,,,
2019-08-19,2.501,,,,,32.99,59.79,,,
2019-08-20,,,,,,32.34,59.03,,,
2019-08-21,,,,,,32.39,60.6,,,
2019-08-22,,,,,,32.39,59.81,,,
2019-08-23,,,,,,35.2,58.64,,,
2019-08-26,2.471,,,,,35.42,58.64,,,
2019-08-27,,,,,,33.73,58.44,,,
2019-08-28,,,,,,32.72,60.42,,,
2019-08-29,,,,,,31.82,60.59,,,
2019-08-30,,,,,,32.16,61.04,,,
2019-09-01,,,59.4,2619.5,234.6,,,178.4,103.7,2.63
2019-09-02,2.461,,,,,,58.55,,,
2019-09-03,,,,,,35.73,57.93,,,
2019-09-04,,,,,,34.56,60.68,,,
2019-09-05,,,,,,33.5,62.7,,,
2019-09-06,,,,,,33.21,61.28,,,
2019-09-09,2.45,,,,,33.28,63.99,,,
2019-09-10,,,,,,33.55,64.67,,,
2019-09-11,,,,,,34.94,63.02,,,
2019-09-12,,,,,,35.58,60.76,,,
2019-09-13,,,,,,35.48,61.25,,,
2019-09-16,2.454,,,,,48.58,68.42,,,
2019-09-17,,,,,,44.89,65.59,,,
2019-09-18,,,,,,40.44,64.29,,,
2019-09-19,,,,,,41.15,64.25,,,
2019-09-20,,,,,,38.99,65.23,,,
2019-09-23,2.561,,,,,39.06,64.66,,,
2019-09-24,,,,,,38.74,64.13,,,
2019-09-25,,,,,,38.37,62.41,,,
2019-09-26,,,,,,37.52,62.08,,,
2019-09-27,,,,,,38.9,62.48,,,
2019-09-30,2.518,,,,,38.75,60.99,,,
2019-10-01,,,78.4,2605.8,226.8,38.88,60.06,188.3,105.3,2.673
2019-10-02,,,,,,39.62,57.92,,,
2019-10-03,,,,,,40.4,58.01,,,
2019-10-04,,,,,,39.31,59.13,,,
2019-10-07,2.513,,,,,39.42,59.46,,,
2019-10-08,,,,,,39.49,58.14,,,
2019-10-09,,,,,,38.0,59.7,,,
2019-10-10,,,,,,39.52,59.08,,,
2019-10-11,,,,,,39.65,60.59,,,
2019-10-14,2.495,,,,,40.21,58.81,,,
2019-10-15,,,,,,39.47,59.19,,,
2019-10-16,,,,,,39.47,59.3,,,
2019-10-17,,,,,,37.71,59.35,,,
2019-10-18,,,,,,36.43,59.96,,,
2019-10-21,2.512,,,,,36.66,58.95,,,
2019-10-22,,,,,,35.52,60.5,,,
2019-10-23,,,,,,35.66,60.52,,,
2019-10-24,,,,,,35.95,61.71,,,
2019-10-25,,,,,,34.64,62.06,,,
2019-10-28,2.469,,,,,35.64,60.39,,,
2019-10-29,,,,,,35.7,61.05,,,
2019-10-30,,,,,,34.36,60.22,,,
2019-10-31,,,,,,35.84,59.3,,,
2019-11-01,,,113.1,2682.0,230.9,34.37,60.17,185.2,104.7,2.62
2019-11-04,2.485,,,,,35.63,62.52,,,
2019-11-05,,,,,,33.77,62.72,,,
2019-11-06,,,,,,33.22,62.11,,,
2019-11-07,,,,,,31.45,62.6,,,
2019-11-08,,,,,,31.45,62.0,,,
2019-11-11,2.493,,,,,34.22,62.58,,,
2019-11-12,,,,,,33.74,62.19,,,
2019-11-13,,,,,,35.15,62.27,,,
2019-11-14,,,,,,33.94,62.46,,,
2019-11-15,,,,,,32.42,63.32,,,
2019-11-18,2.473,,,,,33.68,62.82,,,
2019-11-19,,,,,,32.94,62.37,,,
2019-11-20,,,,,,32.2,63.8,,,
2019-11-21,,,,,,31.59,64.99,,,
2019-11-22,,,,,,32.38,64.83,,,
2019-11-25,2.469,,,,,31.9,64.67,,,
2019-11-26,,,,,,31.25,64.82,,,
2019-11-27,,,,,,30.82,65.03,,,
2019-11-28,,,,,,,64.68,,,
2019-11-29,,,,,,36.73,64.5,,,
2019-12-01,,,129.3,2548.3,233.5,,,197.0,107.4,2.587
2019-12-02,2.485,,,,,34.97,63.2,,,
2019-12-03,,,,,,35.05,62.95,,,
2019-12-04,,,,,,32.21,65.25,,,
2019-12-05,,,,,,30.41,65.67,,,
2019-12-06,,,,,,30.02,66.5,,,
2019-12-09,2.478,,,,,30.02,66.44,,,
2019-12-10,,,,,,27.94,66.57,,,
2019-12-11,,,,,,27.81,65.37,,,
2019-12-12,,,,,,27.44,66.67,,,
2019-12-13,,,,,,26.76,67.44,,,
2019-12-16,2.448,,,,,26.51,68.04,,,
2019-12-17,,,,,,26.33,68.99,,,
2019-12-18,,,,,,26.77,69.12,,,
2019-12-19,,,,,,24.8,69.7,,,
2019-12-20,,,,,,25.54,68.66,,,
2019-12-23,2.447,,,,,25.11,67.49,,,
2019-12-24,,,,,,25.46,69.26,,,
2019-12-25,,,,,,,,,,
2019-12-26,,,,,,24.08,69.26,,,
2019-12-27,,,,,,25.16,68.91,,,
2019-12-30,2.488,,,,,25.86,68.3,,,
2019-12-31,,,,,,28.3,67.77,,,
2020-01-01,,,112.8,2512.7,232.8,,,195.0,106.9,2.567
2020-01-02,,,,,,28.75,67.05,,,
2020-01-03,,,,,,31.92,69.08,,,
2020-01-06,2.494,,,,,32.32,70.25,,,
2020-01-07,,,,,,31.8,68.74,,,
2020-01-08,,,,,,32.6,67.31,,,
2020-01-09,,,,,,33.22,66.58,,,
2020-01-10,,,,,,30.38,66.77,,,
2020-01-13,2.482,,,,,34.25,64.14,,,
2020-01-14,,,,,,33.62,64.45,,,
2020-01-15,,,,,,33.38,63.29,,,
2020-01-16,,,,,,29.79,64.63,,,
2020-01-17,,,,,,28.6,64.05,,,
2020-01-20,2.448,,,,,,64.63,,,
2020-01-21,,,,,,27.66,63.66,,,
2020-01-22,,,,,,30.7,62.11,,,
2020-01-23,,,,,,31.95,61.26,,,
2020-01-24,,,,,,34.55,59.34,,,
2020-01-27,2.412,,,,,37.72,58.54,,,
2020-01-28,,,,,,36.42,59.37,,,
2020-01-29,,,,,,35.73,59.46,,,
2020-01-30,,,,,,37.49,57.72,,,
2020-01-31,,,,,,40.35,57.77,,,
2020-02-01,,,97.0,2585.6,207.5,,,181.0,102.4,2.465
2020-02-03,2.358,,,,,41.81,54.0,,,
2020-02-04,,,,,,39.44,53.9,,,
2020-02-05,,,,,,37.88,55.36,,,
2020-02-06,,,,,,36.44,55.18,,,
2020-02-07,,,,,,37.51,54.53,,,
2020-02-10,2.324,,,,,39.01,53.39,,,
2020-02-11,,,,,,37.52,54.0,,,
2020-02-12,,,,,,35.58,55.54,,,
2020-02-13,,,,,,35.84,56.34,,,
2020-02-14,,,,,,35.93,57.37,,,
2020-02-17,2.337,,,,,,57.83,,,
2020-02-18,,,,,,33.47,57.35,,,
2020-02-19,,,,,,32.27,59.72,,,
2020-02-20,,,,,,33.16,59.57,,,
2020-02-21,,,,,,35.87,58.6,,,
2020-02-24,2.373,,,,,39.53,56.71,,,
2020-02-25,,,,,,42.5,55.29,,,
2020-02-26,,,,,,43.4,54.96,,,
2020-02-27,,,,,,49.42,52.19,,,
2020-02-28,,,,,,51.25,51.31,,,
2020-03-01,,,81.1,2519.5,136.8,,,130.4,91.5,2.267
2020-03-02,2.324,,,,,48.33,52.52,,,
2020-03-03,,,,,,50.8,52.24,,,
2020-03-04,,,,,,50.59,51.86,,,
2020-03-05,,,,,,52.58,51.29,,,
2020-03-06,,,,,,65.02,45.6,,,
2020-03-09,2.272,,,,,115.92,35.33,,,
2020-03-10,,,,,,92.93,35.57,,,
2020-03-11,,,,,,105.25,34.45,,,
2020-03-12,,,,,,123.45,31.02,,,
2020-03-13,,,,,,118.48,32.25,,,
2020-03-16,2.139,,,,,128.5,27.98,,,
2020-03-17,,,,,,133.32,27.97,,,
2020-03-18,,,,,,166.79,22.79,,,
2020-03-19,,,,,,164.06,23.98,,,
2020-03-20,,,,,,190.08,25.55,,,
2020-03-23,2.007,,,,,185.68,23.75,,,
2020-03-24,,,,,,170.86,24.5,,,
2020-03-25,,,,,,144.03,25.62,,,
2020-03-26,,,,,,150.06,23.55,,,
2020-03-27,,,,,,175.88,22.39,,,
2020-03-30,1.886,,,,,174.22,19.19,,,
2020-03-31,,,,,,170.55,14.85,,,
2020-04-01,,,78.4,2584.2,86.7,158.98,14.97,60.3,76.1,1.876
2020-04-02,,,,,,162.65,20.24,,,
2020-04-03,,,,,,141.68,24.33,,,
2020-04-06,1.8,,,,,144.19,22.58,,,
2020-04-07,,,,,,139.13,22.1,,,
2020-04-08,,,,,,141.46,25.22,,,
2020-04-09,,,,,,129.88,20.23,,,
2020-04-10,,,,,,,,,,
2020-04-13,1.735,,,,,114.44,,,,
2020-04-14,,,,,,115.48,21.74,,,
2020-04-15,,,,,,120.38,19.8,,,
2020-04-16,,,,,,115.1,18.69,,,
2020-04-17,,,,,,95.91,19.75,,,
2020-04-20,1.694,,,,,226.13,17.36,,,
2020-04-21,,,,,,325.15,9.12,,,
2020-04-22,,,,,,236.8,13.77,,,
2020-04-23,,,,,,211.0,15.06,,,
2020-04-24,,,,,,173.53,15.87,,,
2020-04-27,1.655,,,,,185.47,15.17,,,
2020-04-28,,,,,,198.77,15.6,,,
2020-04-29,,,,,,195.59,17.86,,,
2020-04-30,,,,,,104.98,18.11,,,
2020-05-01,,,83.4,2517.5,103.1,110.18,18.49,83.0,79.2,1.879
2020-05-04,1.68,,,,,97.42,20.4,,,
2020-05-05,,,,,,97.27,25.46,,,
2020-05-06,,,,,,115.39,24.2,,,
2020-05-07,,,,,,110.62,24.23,,,
2020-05-08,,,,,,98.7,,,,
2020-05-11,1.75,,,,,109.72,25.53,,,
2020-05-12,,,,,,86.86,26.67,,,
2020-05-13,,,,,,82.83,27.89,,,
2020-05-14,,,,,,80.05,29.87,,,
2020-05-15,,,,,,76.39,30.95,,,
2020-05-18,1.776,,,,,76.14,33.3,,,
2020-05-19,,,,,,73.22,33.06,,,
2020-05-20,,,,,,73.62,34.76,,,
2020-05-21,,,,,,89.06,34.78,,,
2020-05-22,,,,,,84.98,33.8,,,
2020-05-25,1.87,,,,,,,,,
2020-05-26,,,,,,75.47,33.95,,,
2020-05-27,,,,,,73.89,32.73,,,
2020-05-28,,,,,,72.98,33.98,,,
2020-05-29,,,,,,69.23,34.15,,,
2020-06-01,1.883,,87.8,2530.5,137.4,64.38,36.74,116.0,86.8,2.076
2020-06-02,,,,,,64.71,37.72,,,
2020-06-03,,,,,,65.73,37.98,,,
2020-06-04,,,,,,65.13,38.41,,,
2020-06-05,,,,,,64.2,41.0,,,
2020-06-08,1.947,,,,,67.24,39.66,,,
2020-06-09,,,,,,67.76,40.45,,,
2020-06-10,,,,,,63.06,41.18,,,
2020-06-11,,,,,,69.96,37.76,,,
2020-06-12,,,,,,70.22,38.54,,,
2020-06-15,2.017,,,,,68.11,39.44,,,
2020-06-16,,,,,,66.63,40.75,,,
2020-06-17,,,,,,61.45,40.47,,,
2020-06-18,,,,,,61.35,41.75,,,
2020-06-19,,,,,,58.73,42.33,,,
2020-06-22,2.048,,,,,56.76,43.2,,,
2020-06-23,,,,,,58.83,42.72,,,
2020-06-24,,,,,,64.96,40.4,,,
2020-06-25,,,,,,62.69,41.18,,,
2020-06-26,,,,,,63.69,40.97,,,
2020-06-29,2.094,,,,,60.04,41.58,,,
2020-06-30,,,,,,57.66,41.64,,,
2020-07-01,,,81.2,2608.0,166.8,53.43,42.18,124.3,90.3,2.176
2020-07-02,,,,,,51.29,43.19,,,
2020-07-03,,,,,,,42.92,,,
2020-07-06,2.1,,,,,50.73,42.73,,,
2020-07-07,,,,,,51.39,43.28,,,
2020-07-08,,,,,,48.85,43.67,,,
2020-07-09,,,,,,53.77,42.35,,,
2020-07-10,,,,,,49.71,43.27,,,
2020-07-13,2.113,,,,,53.41,42.85,,,
2020-07-14,,,,,,53.04,42.97,,,
2020-07-15,,,,,,47.05,43.96,,,
2020-07-16,,,,,,46.12,43.71,,,
2020-07-17,,,,,,40.22,43.53,,,
2020-07-20,2.099,,,,,42.59,43.3,,,
2020-07-21,,,,,,41.1,44.31,,,
2020-07-22,,,,,,41.3,43.98,,,
2020-07-23,,,,,,43.83,42.96,,,
2020-07-24,,,,,,42.35,43.29,,,
2020-07-27,2.085,,,,,41.37,43.39,,,
2020-07-28,,,,,,41.09,43.11,,,
2020-07-29,,,,,,39.58,43.51,,,
2020-07-30,,,,,,42.06,42.98,,,
2020-07-31,,,,,,44.43,43.13,,,
2020-08-01,,,91.7,2557.0,171.4,,,127.4,91.7,2.177
2020-08-03,2.085,,,,,41.56,43.76,,,
2020-08-04,,,,,,40.28,43.99,,,
2020-08-05,,,,,,37.12,44.92,,,
2020-08-06,,,,,,37.59,45.04,,,
2020-08-07,,,,,,37.43,44.07,,,
2020-08-10,2.078,,,,,35.74,44.19,,,
2020-08-11,,,,,,37.5,43.68,,,
2020-08-12,,,,,,34.74,45.09,,,
2020-08-13,,,,,,34.87,44.87,,,
2020-08-14,,,,,,35.1,44.86,,,
2020-08-17,2.077,,,,,32.43,44.91,,,
2020-08-18,,,,,,31.7,45.34,,,
2020-08-19,,,,,,32.85,45.21,,,
2020-08-20,,,,,,32.83,44.56,,,
2020-08-21,,,,,,33.68,43.94,,,
2020-08-24,2.09,,,,,32.25,44.43,,,
2020-08-25,,,,,,33.03,46.01,,,
2020-08-26,,,,,,33.79,45.79,,,
2020-08-27,,,,,,33.74,44.84,,,
2020-08-28,,,,,,32.06,45.22,,,
2020-08-31,2.135,,,,,32.59,,,,
2020-09-01,,,113.3,2551.8,161.9,31.74,45.72,132.5,92.1,2.193
2020-09-02,,,,,,35.49,42.7,,,
2020-09-03,,,,,,41.28,42.72,,,
2020-09-04,,,,,,44.02,41.1,,,
2020-09-07,2.122,,,,,,40.67,,,
2020-09-08,,,,,,55.9,38.53,,,
2020-09-09,,,,,,49.42,39.98,,,
2020-09-10,,,,,,52.16,39.27,,,
2020-09-11,,,,,,50.13,38.8,,,
2020-09-14,2.091,,,,,49.41,38.57,,,
2020-09-15,,,,,,45.19,39.54,,,
2020-09-16,,,,,,41.13,41.23,,,
2020-09-17,,,,,,38.73,42.35,,,
2020-09-18,,,,,,39.07,42.16,,,
2020-09-21,2.078,,,,,42.89,40.37,,,
2020-09-22,,,,,,41.28,40.84,,,
2020-09-23,,,,,,44.64,41.09,,,
2020-09-24,,,,,,42.88,41.24,,,
2020-09-25,,,,,,41.41,40.91,,,
2020-09-28,2.088,,,,,40.64,41.59,,,
2020-09-29,,,,,,46.13,40.33,,,
2020-09-30,,,,,,44.0,40.3,,,
2020-10-01,,,96.7,2610.7,161.6,49.35,39.75,133.6,92.2,2.159
2020-10-02,,,,,,55.51,38.0,,,
2020-10-05,2.091,,,,,49.44,39.78,,,
2020-10-06,,,,,,46.6,41.27,,,
2020-10-07,,,,,,45.5,40.62,,,
2020-10-08,,,,,,41.15,42.0,,,
2020-10-09,,,,,,42.38,41.63,,,
2020-10-12,2.084,,,,,44.04,40.5,,,
2020-10-13,,,,,,46.07,41.34,,,
2020-10-14,,,,,,43.53,41.81,,,
2020-10-15,,,,,,43.83,41.61,,,
2020-10-16,,,,,,44.06,41.34,,,
2020-10-19,2.064,,,,,43.35,41.29,,,
2020-10-20,,,,,,43.85,41.62,,,
2020-10-21,,,,,,47.58,40.09,,,
2020-10-22,,,,,,46.61,41.28,,,
2020-10-23,,,,,,46.32,40.71,,,
2020-10-26,2.053,,,,,53.05,39.06,,,
2020-10-27,,,,,,50.22,39.72,,,
2020-10-28,,,,,,59.61,37.86,,,
2020-10-29,,,,,,63.38,36.56,,,
2020-10-30,,,,,,68.84,36.33,,,
2020-11-01,,,139.4,2345.0,167.9,,,131.9,93.3,2.09
2020-11-02,2.021,,,,,66.73,37.78,,,
2020-11-03,,,,,,63.63,38.17,,,
2020-11-04,,,,,,54.53,39.68,,,
2020-11-05,,,,,,53.69,39.47,,,
2020-11-06,,,,,,55.75,38.08,,,
2020-11-09,2.004,,,,,52.2,40.93,,,
2020-11-10,,,,,,49.64,42.25,,,
2020-11-11,,,,,,49.24,42.5,,,
2020-11-12,,,,,,50.9,42.16,,,
2020-11-13,,,,,,48.24,41.51,,,
2020-11-16,2.018,,,,,46.89,42.71,,,
2020-11-17,,,,,,45.08,42.54,,,
2020-11-18,,,,,,46.06,42.91,,,
2020-11-19,,,,,,46.34,43.09,,,
2020-11-20,,,,,,43.94,43.79,,,
2020-11-23,2.009,,,,,42.79,45.0,,,
2020-11-24,,,,,,42.84,46.63,,,
2020-11-25,,,,,,43.56,47.3,,,
2020-11-26,,,,,,,46.32,,,
2020-11-27,,,,,,46.21,46.88,,,
2020-11-30,2.022,,,,,47.37,46.84,,,
2020-12-01,,,129.1,2593.8,185.9,47.81,47.03,160.0,100.1,2.168
2020-12-02,,,,,,45.68,47.8,,,
2020-12-03,,,,,,40.95,48.37,,,
2020-12-04,,,,,,38.34,49.1,,,
2020-12-07,2.063,,,,,37.68,48.63,,,
2020-12-08,,,,,,37.7,48.84,,,
2020-12-09,,,,,,39.52,48.81,,,
2020-12-10,,,,,,39.7,50.33,,,
2020-12-11,,,,,,39.51,50.01,,,
2020-12-14,2.063,,,,,39.96,50.27,,,
2020-12-15,,,,,,39.34,50.77,,,
2020-12-16,,,,,,38.68,50.83,,,
2020-12-17,,,,,,36.86,51.2,,,
2020-12-18,,,,,,37.15,52.17,,,
2020-12-21,2.137,,,,,41.56,50.61,,,
2020-12-22,,,,,,42.06,49.88,,,
2020-12-23,,,,,,39.89,51.05,,,
2020-12-24,,,,,,39.41,50.88,,,
2020-12-25,,,,,,,,,,
2020-12-28,2.158,,,,,39.67,50.88,,,
2020-12-29,,,,,,38.64,50.44,,,
2020-12-30,,,,,,38.01,50.74,,,
2020-12-31,,,,,,37.83,51.22,,,
2021-01-01,,,126.7,2509.2,205.5,,,173.2,104.0,2.326
2021-01-04,2.16,,,,,42.12,50.37,,,
2021-01-05,,,,,,40.39,53.16,,,
2021-01-06,,,,,,39.31,53.8,,,
2021-01-07,,,,,,36.06,53.7,,,
2021-01-08,,,,,,36.65,55.51,,,
2021-01-11,2.232,,,,,35.31,54.84,,,
2021-01-12,,,,,,33.85,55.98,,,
2021-01-13,,,,,,36.79,55.52,,,
2021-01-14,,,,,,37.95,55.76,,,
2021-01-15,,,,,,40.39,54.8,,,
2021-01-18,2.285,,,,,,54.21,,,
2021-01-19,,,,,,35.37,55.38,,,
2021-01-20,,,,,,35.67,55.66,,,
2021-01-21,,,,,,35.05,55.68,,,
2021-01-22,,,,,,36.25,55.22,,,
2021-01-25,2.298,,,,,38.02,55.44,,,
2021-01-26,,,,,,37.13,55.26,,,
2021-01-27,,,,,,40.21,55.07,,,
2021-01-28,,,,,,40.45,54.87,,,
2021-01-29,,,,,,40.2,55.25,,,
2021-02-01,2.316,,148.9,2712.1,230.3,39.16,56.42,184.6,108.1,2.496
2021-02-02,,,,,,38.62,57.62,,,
2021-02-03,,,,,,37.11,58.61,,,
2021-02-04,,,,,,35.37,58.98,,,
2021-02-05,,,,,,34.94,59.48,,,
2021-02-08,2.372,,,,,34.48,60.17,,,
2021-02-09,,,,,,33.54,60.74,,,
2021-02-10,,,,,,33.77,61.17,,,
2021-02-11,,,,,,34.33,61.09,,,
2021-02-12,,,,,,34.25,62.47,,,
2021-02-15,2.409,,,,,,63.58,,,
2021-02-16,,,,,,35.13,63.96,,,
2021-02-17,,,,,,36.9,65.02,,,
2021-02-18,,,,,,37.9,64.09,,,
2021-02-19,,,,,,37.76,62.84,,,
2021-02-22,2.549,,,,,38.57,64.73,,,
2021-02-23,,,,,,39.75,65.16,,,
2021-02-24,,,,,,39.58,66.85,,,
2021-02-25,,,,,,40.58,66.69,,,
2021-02-26,,,,,,42.49,65.86,,,
2021-03-01,2.625,,145.9,2482.2,251.9,42.56,64.56,195.4,112.6,2.791
2021-03-02,,,,,,40.96,63.17,,,
2021-03-03,,,,,,39.83,64.7,,,
2021-03-04,,,,,,37.27,67.32,,,
2021-03-05,,,,,,36.61,69.95,,,
2021-03-08,2.684,,,,,38.89,68.0,,,
2021-03-09,,,,,,37.97,67.03,,,
2021-03-10,,,,,,37.56,67.53,,,
2021-03-11,,,,,,37.86,69.34,,,
2021-03-12,,,,,,37.51,68.87,,,
2021-03-15,2.766,,,,,39.38,68.78,,,
2021-03-16,,,,,,39.1,67.95,,,
2021-03-17,,,,,,37.4,67.73,,,
2021-03-18,,,,,,48.44,62.11,,,
2021-03-19,,,,,,44.38,64.0,,,
2021-03-22,2.78,,,,,40.28,63.89,,,
2021-03-23,,,,,,48.62,59.96,,,
2021-03-24,,,,,,64.91,63.7,,,
2021-03-25,,,,,,49.88,61.21,,,
2021-03-26,,,,,,44.93,63.77,,,
2021-03-29,2.771,,,,,44.16,64.06,,,
2021-03-30,,,,,,41.46,63.28,,,
2021-03-31,,,,,,45.65,63.52,,,
2021-04-01,,,130.8,2584.2,255.1,40.15,63.85,196.9,111.9,2.839
2021-04-02,,,,,,40.15,,,,
2021-04-05,2.777,,,,,42.0,,,,
2021-04-06,,,,,,42.41,61.47,,,
2021-04-07,,,,,,41.27,61.86,,,
2021-04-08,,,,,,40.7,62.09,,,
2021-04-09,,,,,,39.19,61.89,,,
2021-04-12,2.763,,,,,37.04,62.38,,,
2021-04-13,,,,,,35.2,62.83,,,
2021-04-14,,,,,,35.7,66.11,,,
2021-04-15,,,,,,34.2,66.13,,,
2021-04-16,,,,,,32.79,65.98,,,
2021-04-19,2.767,,,,,35.07,66.54,,,
2021-04-20,,,,,,35.68,65.34,,,
2021-04-21,,,,,,42.44,64.02,,,
2021-04-22,,,,,,39.39,65.07,,,
2021-04-23,,,,,,38.7,65.75,,,
2021-04-26,2.776,,,,,41.23,65.5,,,
2021-04-27,,,,,,38.44,66.25,,,
2021-04-28,,,,,,36.42,67.08,,,
2021-04-29,,,,,,36.37,68.26,,,
2021-04-30,,,,,,38.39,67.73,,,
2021-05-01,,,141.3,2556.8,266.5,,,199.7,114.2,2.972
2021-05-03,2.79,,,,,40.15,,,,
2021-05-04,,,,,,37.15,68.91,,,
2021-05-05,,,,,,38.33,69.71,,,
2021-05-06,,,,,,37.74,68.62,,,
2021-05-07,,,,,,37.63,68.73,,,
2021-05-10,2.86,,,,,37.99,68.61,,,
2021-05-11,,,,,,37.93,68.83,,,
2021-05-12,,,,,,36.94,69.62,,,
2021-05-13,,,,,,37.94,67.36,,,
2021-05-14,,,,,,36.46,69.24,,,
2021-05-17,2.928,,,,,36.42,69.62,,,
2021-05-18,,,,,,37.01,69.01,,,
2021-05-19,,,,,,38.82,66.88,,,
2021-05-20,,,,,,39.43,65.18,,,
2021-05-21,,,,,,39.34,66.72,,,
2021-05-24,2.92,,,,,35.54,68.59,,,
2021-05-25,,,,,,36.23,68.8,,,
2021-05-26,,,,,,33.89,68.93,,,
2021-05-27,,,,,,33.63,69.43,,,
2021-05-28,,,,,,33.54,69.36,,,
2021-05-31,2.927,,,,,,,,,
2021-06-01,,,153.2,2633.6,282.0,33.43,70.03,212.4,117.6,3.154
2021-06-02,,,,,,32.77,70.6,,,
2021-06-03,,,,,,33.89,70.71,,,
2021-06-04,,,,,,31.76,71.3,,,
2021-06-07,2.935,,,,,31.7,70.89,,,
2021-06-08,,,,,,31.95,71.39,,,
2021-06-09,,,,,,31.79,71.31,,,
2021-06-10,,,,,,33.03,71.65,,,
2021-06-11,,,,,,32.55,72.05,,,
2021-06-14,2.97,,,,,33.13,72.27,,,
2021-06-15,,,,,,31.56,73.38,,,
2021-06-16,,,,,,33.83,73.88,,,
2021-06-17,,,,,,36.84,72.92,,,
2021-06-18,,,,,,33.95,73.1,,,
2021-06-21,2.961,,,,,35.01,74.49,,,
2021-06-22,,,,,,34.28,74.92,,,
2021-06-23,,,,,,34.68,75.22,,,
2021-06-24,,,,,,32.05,75.95,,,
2021-06-25,,,,,,31.3,76.45,,,
2021-06-28,2.99,,,,,31.86,74.78,,,
2021-06-29,,,,,,31.99,75.38,,,
2021-06-30,,,,,,32.74,76.94,,,
2021-07-01,,,178.7,2532.4,287.8,32.47,76.69,219.685,120.246,3.233
2021-07-02,,,,,,32.87,77.51,,,
2021-07-05,3.032,,,,,,78.34,,,
2021-07-06,,,,,,37.59,75.81,,,
2021-07-07,,,,,,42.01,74.31,,,
2021-07-08,,,,,,38.8,75.07,,,
2021-07-09,,,,,,37.02,77.14,,,
2021-07-12,3.039,,,,,38.73,76.77,,,
2021-07-13,,,,,,35.4,77.5,,,
2021-07-14,,,,,,38.2,75.74,,,
2021-07-15,,,,,,38.04,74.53,,,
2021-07-16,,,,,,37.15,74.46,,,
2021-07-19,3.061,,,,,46.36,69.33,,,
2021-07-20,,,,,,52.26,70.03,,,
2021-07-21,,,,,,42.91,72.54,,,
2021-07-22,,,,,,36.44,74.25,,,
2021-07-23,,,,,,34.05,74.86,,,
2021-07-26,3.044,,,,,35.59,74.79,,,
2021-07-27,,,,,,35.14,74.87,,,
2021-07-28,,,,,,34.62,75.09,,,
2021-07-29,,,,,,33.36,76.3,,,
2021-07-30,,,,,,32.85,77.72,,,
2021-08-01,,,177.5,2565.8,273.8,,,221.529,121.551,3.255
2021-08-02,3.059,,,,,36.23,73.91,,,
2021-08-03,,,,,,37.55,73.24,,,
2021-08-04,,,,,,42.27,70.99,,,
2021-08-05,,,,,,39.09,72.14,,,
2021-08-06,,,,,,39.31,71.02,,,
2021-08-09,3.081,,,,,43.28,69.65,,,
2021-08-10,,,,,,39.28,71.14,,,
2021-08-11,,,,,,38.32,71.99,,,
2021-08-12,,,,,,36.5,71.79,,,
2021-08-13,,,,,,35.91,70.9,,,
2021-08-16,3.079,,,,,38.84,70.07,,,
2021-08-17,,,,,,39.5,69.4,,,
2021-08-18,,,,,,40.86,68.61,,,
2021-08-19,,,,,,40.98,66.8,,,
2021-08-20,,,,,,40.67,65.51,,,
2021-08-23,3.048,,,,,38.67,69.07,,,
2021-08-24,,,,,,36.79,71.21,,,
2021-08-25,,,,,,35.6,72.12,,,
2021-08-26,,,,,,36.33,70.42,,,
2021-08-27,,,,,,34.93,72.26,,,
2021-08-30,3.041,,,,,35.27,,,,
2021-08-31,,,,,,34.28,73.45,,,
2021-09-01,,,189.0,2517.2,285.8,36.13,71.99,241.2,126.336,3.265
2021-09-02,,,,,,31.35,73.56,,,
2021-09-03,,,,,,36.91,73.07,,,
2021-09-06,3.08,,,,,,72.43,,,
2021-09-07,,,,,,32.91,71.52,,,
2021-09-08,,,,,,31.91,72.36,,,
2021-09-09,,,,,,33.87,71.32,,,
2021-09-10,,,,,,33.54,72.44,,,
2021-09-13,3.068,,,,,32.74,72.97,,,
2021-09-14,,,,,,33.63,73.05,,,
2021-09-15,,,,,,32.38,74.84,,,
2021-09-16,,,,,,33.16,75.14,,,
2021-09-17,,,,,,32.32,74.64,,,
2021-09-20,3.094,,,,,35.23,73.59,,,
2021-09-21,,,,,,34.45,73.65,,,
2021-09-22,,,,,,32.43,75.5,,,
2021-09-23,,,,,,32.3,76.44,,,
2021-09-24,,,,,,34.01,77.42,,,
2021-09-27,3.08,,,,,34.98,78.85,,,
2021-09-28,,,,,,36.1,78.3,,,
2021-09-29,,,,,,35.26,77.86,,,
2021-09-30,,,,,,38.68,77.81,,,
2021-10-01,,,228.4,2543.0,319.8,37.38,79.4,255.273,131.892,3.385
2021-10-04,3.093,,,,,37.27,81.44,,,
2021-10-05,,,,,,37.2,82.72,,,
2021-10-06,,,,,,41.02,81.39,,,
2021-10-07,,,,,,46.15,82.34,,,
2021-10-08,,,,,,38.0,82.17,,,
2021-10-11,3.173,,,,,38.51,83.75,,,
2021-10-12,,,,,,37.1,83.53,,,
2021-10-13,,,,,,36.05,83.53,,,
2021-10-14,,,,,,36.98,83.86,,,
2021-10-15,,,,,,34.05,84.67,,,
2021-10-18,3.225,,,,,35.02,84.13,,,
2021-10-19,,,,,,35.14,85.02,,,
2021-10-20,,,,,,35.16,85.76,,,
2021-10-21,,,,,,36.55,84.58,,,
2021-10-22,,,,,,36.87,85.43,,,
2021-10-25,3.279,,,,,36.07,84.85,,,
2021-10-26,,,,,,35.5,85.11,,,
2021-10-27,,,,,,37.63,84.12,,,
2021-10-28,,,,,,37.23,83.4,,,
2021-10-29,,,,,,37.92,83.1,,,
2021-11-01,3.28,,279.7,2576.1,319.4,36.74,84.51,268.354,134.209,3.482
2021-11-02,,,,,,35.56,84.42,,,
2021-11-03,,,,,,39.44,81.1,,,
2021-11-04,,,,,,38.56,80.15,,,
2021-11-05,,,,,,37.84,82.43,,,
2021-11-08,3.294,,,,,37.71,83.22,,,
2021-11-09,,,,,,36.33,84.52,,,
2021-11-10,,,,,,37.09,82.91,,,
2021-11-11,,,,,,36.2,83.4,,,
2021-11-12,,,,,,36.1,82.9,,,
2021-11-15,3.277,,,,,36.42,81.94,,,
2021-11-16,,,,,,34.69,82.85,,,
2021-11-17,,,,,,33.75,80.67,,,
2021-11-18,,,,,,37.68,82.45,,,
2021-11-19,,,,,,37.13,80.24,,,
2021-11-22,3.271,,,,,36.61,80.97,,,
2021-11-23,,,,,,35.1,83.43,,,
2021-11-24,,,,,,34.79,82.37,,,
2021-11-25,,,,,,,82.05,,,
2021-11-26,,,,,,65.72,72.37,,,
2021-11-29,3.253,,,,,63.34,73.34,,,
2021-11-30,,,,,,75.23,70.86,,,
2021-12-01,,,250.3,2474.6,289.4,78.18,69.53,270.532,133.682,3.408
2021-12-02,,,,,,57.27,70.56,,,
2021-12-03,,,,,,64.55,70.71,,,
2021-12-06,3.204,,,,,56.21,73.38,,,
2021-12-07,,,,,,48.15,75.54,,,
2021-12-08,,,,,,45.22,75.94,,,
2021-12-09,,,,,,47.43,74.1,,,
2021-12-10,,,,,,46.23,74.98,,,
2021-12-13,3.178,,,,,45.88,74.12,,,
2021-12-14,,,,,,54.76,73.37,,,
2021-12-15,,,,,,56.53,73.71,,,
2021-12-16,,,,,,49.97,74.64,,,
2021-12-17,,,,,,48.31,72.97,,,
2021-12-20,3.154,,,,,60.24,70.51,,,
2021-12-21,,,,,,52.31,72.85,,,
2021-12-22,,,,,,46.0,74.69,,,
2021-12-23,,,,,,43.71,76.26,,,
2021-12-24,,,,,,43.71,75.24,,,
2021-12-27,3.136,,,,,43.58,,,,
2021-12-28,,,,,,41.23,,,,
2021-12-29,,,,,,40.24,78.63,,,
2021-12-30,,,,,,40.2,78.61,,,
2021-12-31,,,,,,42.62,77.24,,,
2022-01-01,,,286.0,2681.1,317.3,,,272.22,137.673,3.413
2022-01-03,3.141,,,,,37.57,78.25,,,
2022-01-04,,,,,,39.48,79.39,,,
2022-01-05,,,,,,44.49,80.6,,,
2022-01-06,,,,,,36.86,81.99,,,
2022-01-07,,,,,,37.0,82.28,,,
2022-01-10,3.164,,,,,37.65,81.56,,,
2022-01-11,,,,,,34.31,84.98,,,
2022-01-12,,,,,,34.39,85.83,,,
2022-01-13,,,,,,37.11,85.8,,,
2022-01-14,,,,,,41.18,87.17,,,
2022-01-17,3.182,,,,,,87.82,,,
2022-01-18,,,,,,42.28,88.83,,,
2022-01-19,,,,,,42.75,89.64,,,
2022-01-20,,,,,,41.15,89.75,,,
2022-01-21,,,,,,42.57,89.75,,,
2022-01-24,3.199,,,,,47.84,87.74,,,
2022-01-25,,,,,,47.63,89.49,,,
2022-01-26,,,,,,45.67,91.22,,,
2022-01-27,,,,,,46.9,90.7,,,
2022-01-28,,,,,,47.74,91.47,,,
2022-01-31,3.249,,,,,42.35,92.35,,,
2022-02-01,,,273.8,2705.4,355.5,41.31,90.24,291.374,143.555,3.592
2022-02-02,,,,,,41.86,91.43,,,
2022-02-03,,,,,,42.15,92.99,,,
2022-02-04,,,,,,43.88,96.86,,,
2022-02-07,3.33,,,,,43.34,97.28,,,
2022-02-08,,,,,,41.26,96.07,,,
2022-02-09,,,,,,39.4,94.95,,,
2022-02-10,,,,,,43.81,96.37,,,
2022-02-11,,,,,,47.44,97.5,,,
2022-02-14,3.372,,,,,48.83,101.66,,,
2022-02-15,,,,,,48.36,98.43,,,
2022-02-16,,,,,,49.38,97.44,,,
2022-02-17,,,,,,53.14,95.28,,,
2022-02-18,,,,,,52.01,96.18,,,
2022-02-21,3.41,,,,,,98.95,,,
2022-02-22,,,,,,50.11,98.73,,,
2022-02-23,,,,,,50.51,99.29,,,
2022-02-24,,,,,,49.04,101.29,,,
2022-02-25,,,,,,49.5,98.56,,,
2022-02-28,3.486,,,,,52.5,103.08,,,
2022-03-01,,,247.7,2648.3,427.6,61.43,110.93,311.74,153.893,4.312
2022-03-02,,,,,,61.53,118.94,,,
2022-03-03,,,,,,64.37,115.36,,,
2022-03-04,,,,,,77.29,123.86,,,
2022-03-07,3.963,,,,,78.91,129.02,,,
2022-03-08,,,,,,75.82,133.18,,,
2022-03-09,,,,,,73.25,116.58,,,
2022-03-10,,,,,,67.34,114.54,,,
2022-03-11,,,,,,68.01,118.11,,,
2022-03-14,4.18,,,,,65.42,110.39,,,
2022-03-15,,,,,,63.62,105.14,,,
2022-03-16,,,,,,59.35,104.61,,,
2022-03-17,,,,,,67.78,113.5,,,
2022-03-18,,,,,,69.09,114.32,,,
2022-03-21,4.091,,,,,70.78,122.29,,,
2022-03-22,,,,,,69.56,121.53,,,
2022-03-23,,,,,,72.59,127.52,,,
2022-03-24,,,,,,69.14,123.98,,,
2022-03-25,,,,,,68.91,122.67,,,
2022-03-28,4.078,,,,,67.04,114.5,,,
2022-03-29,,,,,,62.46,112.79,,,
2022-03-30,,,,,,61.04,115.59,,,
2022-03-31,,,,,,57.66,107.29,,,
2022-04-01,,,279.9,2676.2,434.4,54.36,106.13,300.979,155.248,4.271
2022-04-04,4.021,,,,,54.31,108.15,,,
2022-04-05,,,,,,53.8,106.6,,,
2022-04-06,,,,,,53.15,100.81,,,
2022-04-07,,,,,,54.23,99.83,,,
2022-04-08,,,,,,53.14,101.26,,,
2022-04-11,3.943,,,,,54.81,97.92,,,
2022-04-12,,,,,,55.25,104.42,,,
2022-04-13,,,,,,51.2,108.49,,,
2022-04-14,,,,,,53.38,110.83,,,
2022-04-15,,,,,,,,,,
2022-04-18,3.915,,,,,50.94,,,,
2022-04-19,,,,,,50.34,105.49,,,
2022-04-20,,,,,,52.23,105.05,,,
2022-04-21,,,,,,49.86,107.2,,,
2022-04-22,,,,,,51.15,105.15,,,
2022-04-25,3.959,,,,,52.86,99.27,,,
2022-04-26,,,,,,53.57,102.89,,,
2022-04-27,,,,,,53.38,103.3,,,
2022-04-28,,,,,,51.94,105.78,,,
2022-04-29,,,,,,53.1,108.36,,,
2022-05-01,,,344.1,2689.9,446.8,,,334.824,164.914,4.604
2022-05-02,4.031,,,,,54.15,,,,
2022-05-03,,,,,,54.04,104.94,,,
2022-05-04,,,,,,53.15,110.53,,,
2022-05-05,,,,,,54.72,112.11,,,
2022-05-06,,,,,,54.82,113.86,,,
2022-05-09,4.161,,,,,57.9,106.67,,,
2022-05-10,,,,,,56.06,102.61,,,
2022-05-11,,,,,,53.43,107.7,,,
2022-05-12,,,,,,52.71,108.06,,,
2022-05-13,,,,,,51.22,112.12,,,
2022-05-16,4.32,,,,,51.89,114.86,,,
2022-05-17,,,,,,50.34,112.89,,,
2022-05-18,,,,,,51.89,110.04,,,
2022-05-19,,,,,,51.16,113.22,,,
2022-05-20,,,,,,50.72,113.63,,,
2022-05-23,4.41,,,,,48.63,115.13,,,
2022-05-24,,,,,,47.04,115.77,,,
2022-05-25,,,,,,46.76,116.41,,,
2022-05-26,,,,,,46.03,119.81,,,
2022-05-27,,,,,,47.92,121.19,,,
2022-05-30,4.439,,,,,,123.01,,,
2022-05-31,,,,,,49.82,125.53,,,
2022-06-01,,,382.2,2693.3,473.1,49.14,122.2,393.413,179.593,5.058
2022-06-02,,,,,,47.8,,,,
2022-06-03,,,,,,46.23,125.68,,,
2022-06-06,4.702,,,,,47.9,124.99,,,
2022-06-07,,,,,,45.88,126.89,,,
2022-06-08,,,,,,44.37,129.2,,,
2022-06-09,,,,,,43.87,128.47,,,
2022-06-10,,,,,,42.92,127.44,,,
2022-06-13,4.844,,,,,47.56,128.44,,,
2022-06-14,,,,,,46.63,127.02,,,
2022-06-15,,,,,,47.04,124.96,,,
2022-06-16,,,,,,46.27,125.78,,,
2022-06-17,,,,,,49.19,119.22,,,
2022-06-20,4.798,,,,,,118.25,,,
2022-06-21,,,,,,46.56,118.51,,,
2022-06-22,,,,,,48.99,115.54,,,
2022-06-23,,,,,,48.58,114.5,,,
2022-06-24,,,,,,46.99,117.36,,,
2022-06-27,4.71,,,,,46.99,119.69,,,
2022-06-28,,,,,,46.59,122.21,,,
2022-06-29,,,,,,48.57,120.8,,,
2022-06-30,,,,,,48.9,119.78,,,
2022-07-01,,,304.1,2693.1,426.8,49.4,119.21,322.052,163.246,4.667
2022-07-04,4.619,,,,,,121.8,,,
2022-07-05,,,,,,52.61,110.49,,,
2022-07-06,,,,,,54.67,108.54,,,
2022-07-07,,,,,,52.87,113.4,,,
2022-07-08,,,,,,52.1,113.95,,,
2022-07-11,4.501,,,,,53.1,114.85,,,
2022-07-12,,,,,,54.4,106.98,,,
2022-07-13,,,,,,51.76,107.17,,,
2022-07-14,,,,,,53.03,107.74,,,
2022-07-15,,,,,,51.77,112.26,,,
2022-07-18,4.35,,,,,49.66,117.27,,,
2022-07-19,,,,,,48.77,114.96,,,
2022-07-20,,,,,,47.54,115.86,,,
2022-07-21,,,,,,51.1,112.81,,,
2022-07-22,,,,,,47.84,106.77,,,
2022-07-25,4.183,,,,,47.96,108.23,,,
2022-07-26,,,,,,47.81,107.32,,,
2022-07-27,,,,,,48.99,109.64,,,
2022-07-28,,,,,,47.17,109.68,,,
2022-07-29,,,,,,46.19,111.51,,,
2022-08-01,4.034,,314.5,2680.4,383.4,49.97,106.09,277.86,153.984,4.101
2022-08-02,,,,,,52.77,106.51,,,
2022-08-03,,,,,,50.12,101.82,,,
2022-08-04,,,,,,55.14,97.99,,,
2022-08-05,,,,,,48.76,100.31,,,
2022-08-08,3.879,,,,,46.4,103.46,,,
2022-08-09,,,,,,46.23,103.81,,,
2022-08-10,,,,,,46.56,105.06,,,
2022-08-11,,,,,,45.37,107.19,,,
2022-08-12,,,,,,44.0,103.7,,,
2022-08-15,3.78,,,,,46.63,98.25,,,
2022-08-16,,,,,,50.25,95.36,,,
2022-08-17,,,,,,51.55,97.22,,,
2022-08-18,,,,,,47.41,96.35,,,
2022-08-19,,,,,,50.34,96.45,,,
2022-08-22,3.724,,,,,50.64,95.06,,,
2022-08-23,,,,,,47.35,99.49,,,
2022-08-24,,,,,,48.33,99.87,,,
2022-08-25,,,,,,48.78,98.81,,,
2022-08-26,,,,,,47.08,101.13,,,
2022-08-29,3.691,,,,,47.73,,,,
2022-08-30,,,,,,49.74,99.34,,,
2022-08-31,,,,,,52.11,96.55,,,
2022-09-01,,,288.0,2689.5,358.0,53.9,92.24,288.01,157.087,3.881
2022-09-02,,,,,,53.9,93.09,,,
2022-09-05,3.617,,,,,,94.22,,,
2022-09-06,,,,,,50.0,91.43,,,
2022-09-07,,,,,,53.32,86.83,,,
2022-09-08,,,,,,51.29,87.99,,,
2022-09-09,,,,,,48.84,91.68,,,
2022-09-12,3.551,,,,,44.15,93.45,,,
2022-09-13,,,,,,44.81,92.04,,,
2022-09-14,,,,,,45.62,92.83,,,
2022-09-15,,,,,,46.63,89.28,,,
2022-09-16,,,,,,47.44,89.43,,,
2022-09-19,3.513,,,,,46.75,,,,
2022-09-20,,,,,,48.23,89.62,,,
2022-09-21,,,,,,48.65,89.86,,,
2022-09-22,,,,,,47.1,90.4,,,
2022-09-23,,,,,,50.82,84.29,,,
2022-09-26,3.569,,,,,56.68,82.55,,,
2022-09-27,,,,,,55.89,85.97,,,
2022-09-28,,,,,,55.02,89.55,,,
2022-09-29,,,,,,54.41,89.41,,,
2022-09-30,,,,,,55.69,88.9,,,
2022-10-01,,,254.2,2668.6,350.2,,,299.033,159.697,4.016
2022-10-03,3.592,,,,,56.24,90.68,,,
2022-10-04,,,,,,59.51,93.74,,,
2022-10-05,,,,,,54.2,94.35,,,
2022-10-06,,,,,,53.39,95.65,,,
2022-10-07,,,,,,53.64,98.88,,,
2022-10-10,3.723,,,,,51.42,97.13,,,
2022-10-11,,,,,,51.92,95.17,,,
2022-10-12,,,,,,51.52,93.44,,,
2022-10-13,,,,,,50.52,95.16,,,
2022-10-14,,,,,,50.3,92.22,,,
2022-10-17,3.692,,,,,50.27,91.04,,,
2022-10-18,,,,,,49.12,89.46,,,
2022-10-19,,,,,,47.78,91.34,,,
2022-10-20,,,,,,47.98,91.52,,,
2022-10-21,,,,,,47.19,91.82,,,
2022-10-24,3.609,,,,,47.78,91.57,,,
2022-10-25,,,,,,47.3,91.76,,,
2022-10-26,,,,,,48.58,92.93,,,
2022-10-27,,,,,,49.02,94.17,,,
2022-10-28,,,,,,47.81,94.64,,,
2022-10-31,3.57,,,,,47.41,93.3,,,
2022-11-01,,,277.9,2668.2,334.1,47.04,95.12,288.254,156.151,3.853
2022-11-02,,,,,,47.75,96.07,,,
2022-11-03,,,,,,46.47,95.29,,,
2022-11-04,,,,,,47.5,99.53,,,
2022-11-07,3.628,,,,,45.11,99.87,,,
2022-11-08,,,,,,45.04,96.85,,,
2022-11-09,,,,,,45.38,93.05,,,
2022-11-10,,,,,,43.48,94.25,,,
2022-11-11,,,,,,42.06,96.37,,,
2022-11-14,3.606,,,,,44.42,93.59,,,
2022-11-15,,,,,,46.72,94.3,,,
2022-11-16,,,,,,45.12,92.61,,,
2022-11-17,,,,,,45.34,91.0,,,
2022-11-18,,,,,,45.93,88.93,,,
2022-11-21,3.498,,,,,47.11,88.44,,,
2022-11-22,,,,,,46.3,88.65,,,
2022-11-23,,,,,,51.56,85.9,,,
2022-11-24,,,,,,,85.59,,,
2022-11-25,,,,,,50.16,83.4,,,
2022-11-28,3.389,,,,,50.53,83.5,,,
2022-11-29,,,,,,47.91,83.22,,,
2022-11-30,,,,,,46.15,85.61,,,
2022-12-01,,,468.1,2809.2,298.8,45.61,86.28,257.894,145.661,3.356
2022-12-02,,,,,,45.76,86.54,,,
2022-12-05,3.26,,,,,45.41,83.36,,,
2022-12-06,,,,,,46.36,79.92,,,
2022-12-07,,,,,,47.91,77.11,,,
2022-12-08,,,,,,47.17,76.02,,,
2022-12-09,,,,,,46.93,76.37,,,
2022-12-12,3.109,,,,,44.99,78.0,,,
2022-12-13,,,,,,43.37,80.14,,,
2022-12-14,,,,,,41.82,83.33,,,
2022-12-15,,,,,,43.7,82.34,,,
2022-12-16,,,,,,42.29,80.2,,,
2022-12-19,2.994,,,,,42.47,81.66,,,
2022-12-20,,,,,,41.79,79.45,,,
2022-12-21,,,,,,41.18,80.25,,,
2022-12-22,,,,,,41.8,79.58,,,
2022-12-23,,,,,,41.21,82.45,,,
2022-12-26,2.971,,,,,,,,,
2022-12-27,,,,,,43.5,,,,
2022-12-28,,,,,,43.95,81.7,,,
2022-12-29,,,,,,42.6,80.96,,,
2022-12-30,,,,,,41.26,82.82,,,
2023-01-01,,,516.1,2466.0,289.7,,,275.061,153.314,3.452
2023-01-02,3.123,,,,,,,,,
2023-01-03,,,,,,44.14,80.36,,,
2023-01-04,,,,,,45.83,75.31,,,
2023-01-05,,,,,,43.93,76.73,,,
2023-01-06,,,,,,42.94,76.41,,,
2023-01-09,3.167,,,,,42.75,77.5,,,
2023-01-10,,,,,,41.6,78.4,,,
2023-01-11,,,,,,41.19,81.11,,,
2023-01-12,,,,,,39.28,82.59,,,
2023-01-13,,,,,,38.19,83.43,,,
2023-01-16,3.225,,,,,,82.65,,,
2023-01-17,,,,,,40.1,84.38,,,
2023-01-18,,,,,,39.25,83.78,,,
2023-01-19,,,,,,39.02,85.08,,,
2023-01-20,,,,,,37.81,86.96,,,
2023-01-23,3.34,,,,,37.3,87.54,,,
2023-01-24,,,,,,38.26,85.25,,,
2023-01-25,,,,,,38.54,85.08,,,
2023-01-26,,,,,,38.12,86.29,,,
2023-01-27,,,,,,38.6,85.36,,,
2023-01-30,3.417,,,,,40.18,84.9,,,
2023-01-31,,,,,,38.55,83.42,,,
2023-02-01,,,258.4,2653.7,289.4,37.99,81.61,271.088,149.493,3.514
2023-02-02,,,,,,38.49,80.57,,,
2023-02-03,,,,,,39.48,78.85,,,
2023-02-06,3.362,,,,,38.92,80.48,,,
2023-02-07,,,,,,37.31,82.92,,,
2023-02-08,,,,,,37.02,84.17,,,
2023-02-09,,,,,,35.75,83.46,,,
2023-02-10,,,,,,35.89,85.46,,,
2023-02-13,3.311,,,,,37.77,85.98,,,
2023-02-14,,,,,,36.67,84.96,,,
2023-02-15,,,,,,35.7,84.11,,,
2023-02-16,,,,,,35.03,83.84,,,
2023-02-17,,,,,,36.04,81.97,,,
2023-02-20,3.293,,,,,,82.79,,,
2023-02-21,,,,,,37.05,82.14,,,
2023-02-22,,,,,,38.36,79.55,,,
2023-02-23,,,,,,36.69,82.08,,,
2023-02-24,,,,,,37.25,82.31,,,
2023-02-27,3.25,,,,,37.55,81.24,,,
2023-02-28,,,,,,35.42,83.21,,,
2023-03-01,,,184.1,2904.8,284.6,36.63,83.68,249.298,142.757,3.551
2023-03-02,,,,,,35.61,84.15,,,
2023-03-03,,,,,,35.2,85.74,,,
2023-03-06,3.288,,,,,33.03,85.86,,,
2023-03-07,,,,,,33.76,83.03,,,
2023-03-08,,,,,,33.39,82.1,,,
2023-03-09,,,,,,34.86,81.0,,,
2023-03-10,,,,,,36.76,82.3,,,
2023-03-13,3.35,,,,,38.13,79.67,,,
2023-03-14,,,,,,47.41,76.77,,,
2023-03-15,,,,,,49.78,74.3,,,
2023-03-16,,,,,,48.65,73.12,,,
2023-03-17,,,,,,51.48,71.03,,,
2023-03-20,3.321,,,,,51.14,72.42,,,
2023-03-21,,,,,,48.12,74.78,,,
2023-03-22,,,,,,46.97,76.08,,,
2023-03-23,,,,,,46.9,74.31,,,
2023-03-24,,,,,,48.36,73.63,,,
2023-03-27,3.304,,,,,45.41,76.8,,,
2023-03-28,,,,,,44.31,78.07,,,
2023-03-29,,,,,,43.33,77.51,,,
2023-03-30,,,,,,42.02,78.45,,,
2023-03-31,,,,,,40.34,79.19,,,
2023-04-01,,,149.3,2751.8,307.0,,,260.802,141.888,3.735
2023-04-03,3.384,,,,,39.49,85.81,,,
2023-04-04,,,,,,39.42,85.7,,,
2023-04-05,,,,,,39.14,85.89,,,
2023-04-06,,,,,,34.76,86.56,,,
2023-04-07,,,,,,,,,,
2023-04-10,3.493,,,,,34.31,,,,
2023-04-11,,,,,,34.23,87.32,,,
2023-04-12,,,,,,33.74,88.31,,,
2023-04-13,,,,,,32.78,86.51,,,
2023-04-14,,,,,,32.51,87.31,,,
2023-04-17,3.553,,,,,32.93,85.63,,,
2023-04-18,,,,,,33.69,85.48,,,
2023-04-19,,,,,,34.44,85.34,,,
2023-04-20,,,,,,36.41,83.29,,,
2023-04-21,,,,,,35.17,83.36,,,
2023-04-24,3.542,,,,,34.28,84.23,,,
2023-04-25,,,,,,36.64,82.13,,,
2023-04-26,,,,,,39.25,79.19,,,
2023-04-27,,,,,,37.76,80.11,,,
2023-04-28,,,,,,35.63,81.32,,,
2023-05-01,3.48,,113.6,2771.4,296.9,35.94,,239.705,135.349,3.685
2023-05-02,,,,,,39.48,76.71,,,
2023-05-03,,,,,,43.23,72.91,,,
2023-05-04,,,,,,43.75,73.0,,,
2023-05-05,,,,,,37.35,75.85,,,
2023-05-08,3.407,,,,,35.54,,,,
2023-05-09,,,,,,35.13,77.76,,,
2023-05-10,,,,,,34.13,76.7,,,
2023-05-11,,,,,,35.74,75.32,,,
2023-05-12,,,,,,37.32,74.54,,,
2023-05-15,3.415,,,,,35.16,75.46,,,
2023-05-16,,,,,,35.98,75.15,,,
2023-05-17,,,,,,36.44,76.98,,,
2023-05-18,,,,,,36.02,75.75,,,
2023-05-19,,,,,,35.85,75.42,,,
2023-05-22,3.416,,,,,35.52,75.77,,,
2023-05-23,,,,,,35.11,76.66,,,
2023-05-24,,,,,,35.86,77.99,,,
2023-05-25,,,,,,36.74,75.66,,,
2023-05-26,,,,,,35.95,76.33,,,
2023-05-29,3.443,,,,,,,,,
2023-05-30,,,,,,39.68,73.38,,,
2023-05-31,,,,,,40.68,71.98,,,
2023-06-01,,,111.9,2735.0,295.4,40.5,74.18,249.103,136.638,3.712
2023-06-02,,,,,,39.6,76.0,,,
2023-06-05,3.414,,,,,37.45,76.61,,,
2023-06-06,,,,,,36.07,76.22,,,
2023-06-07,,,,,,34.13,76.85,,,
2023-06-08,,,,,,35.18,75.88,,,
2023-06-09,,,,,,33.7,74.74,,,
2023-06-12,3.475,,,,,36.35,71.8,,,
2023-06-13,,,,,,32.38,74.24,,,
2023-06-14,,,,,,33.66,73.39,,,
2023-06-15,,,,,,33.07,75.75,,,
2023-06-16,,,,,,32.99,76.76,,,
2023-06-19,3.449,,,,,,76.09,,,
2023-06-20,,,,,,34.75,75.79,,,
2023-06-21,,,,,,33.26,76.92,,,
2023-06-22,,,,,,34.93,73.93,,,
2023-06-23,,,,,,35.36,73.56,,,
2023-06-26,3.445,,,,,36.67,73.86,,,
2023-06-27,,,,,,39.3,71.88,,,
2023-06-28,,,,,,36.86,73.64,,,
2023-06-29,,,,,,35.42,73.86,,,
2023-06-30,,,,,,33.28,74.51,,,
2023-07-01,,,127.2,2762.5,305.5,,,246.117,137.052,3.732
2023-07-03,3.397,,,,,33.88,74.52,,,
2023-07-04,,,,,,,76.23,,,
2023-07-05,,,,,,33.91,76.74,,,
2023-07-06,,,,,,35.13,76.72,,,
2023-07-07,,,,,,34.55,78.77,,,
2023-07-10,3.42,,,,,38.35,77.83,,,
2023-07-11,,,,,,32.43,79.54,,,
2023-07-12,,,,,,32.69,80.35,,,
2023-07-13,,,,,,30.04,81.31,,,
2023-07-14,,,,,,30.0,79.9,,,
2023-07-17,3.438,,,,,31.34,77.8,,,
2023-07-18,,,,,,30.66,79.54,,,
2023-07-19,,,,,,31.06,79.38,,,
2023-07-20,,,,,,30.15,79.62,,,
2023-07-21,,,,,,29.65,81.06,,,
2023-07-24,3.479,,,,,30.11,82.53,,,
2023-07-25,,,,,,30.63,83.46,,,
2023-07-26,,,,,,29.97,82.98,,,
2023-07-27,,,,,,29.12,84.28,,,
2023-07-28,,,,,,29.41,84.49,,,
2023-07-31,3.65,,,,,28.48,85.22,,,
2023-08-01,,,144.2,2783.2,332.4,28.35,85.34,277.613,148.574,3.955
2023-08-02,,,,,,28.74,84.01,,,
2023-08-03,,,,,,28.54,86.19,,,
2023-08-04,,,,,,28.06,87.38,,,
2023-08-07,3.731,,,,,27.73,86.47,,,
2023-08-08,,,,,,27.14,88.0,,,
2023-08-09,,,,,,28.56,89.31,,,
2023-08-10,,,,,,27.27,87.44,,,
2023-08-11,,,,,,28.04,87.93,,,
2023-08-14,3.746,,,,,27.55,87.4,,,
2023-08-15,,,,,,28.3,86.28,,,
2023-08-16,,,,,,28.54,84.49,,,
2023-08-17,,,,,,29.3,85.24,,,
2023-08-18,,,,,,28.43,85.92,,,
2023-08-21,3.746,,,,,28.9,85.44,,,
2023-08-22,,,,,,28.56,84.7,,,
2023-08-23,,,,,,28.47,83.94,,,
2023-08-24,,,,,,28.88,84.07,,,
2023-08-25,,,,,,28.81,85.42,,,
2023-08-28,3.684,,,,,28.66,,,,
2023-08-29,,,,,,27.63,86.37,,,
2023-08-30,,,,,,26.63,86.62,,,
2023-08-31,,,,,,26.56,87.29,,,
2023-09-01,,,134.6,2782.5,360.3,27.48,89.98,303.575,155.09,3.988
2023-09-04,3.68,,,,,,90.42,,,
2023-09-05,,,,,,28.65,91.25,,,
2023-09-06,,,,,,28.33,91.79,,,
2023-09-07,,,,,,27.59,91.16,,,
2023-09-08,,,,,,27.16,91.85,,,
2023-09-11,3.692,,,,,24.37,91.97,,,
2023-09-12,,,,,,24.23,93.58,,,
2023-09-13,,,,,,25.06,93.04,,,
2023-09-14,,,,,,26.56,95.2,,,
2023-09-15,,,,,,27.16,95.55,,,
2023-09-18,3.724,,,,,27.91,95.95,,,
2023-09-19,,,,,,30.32,96.11,,,
2023-09-20,,,,,,30.38,94.56,,,
2023-09-21,,,,,,31.35,93.7,,,
2023-09-22,,,,,,30.61,93.99,,,
2023-09-25,3.663,,,,,30.96,94.01,,,
2023-09-26,,,,,,31.3,94.46,,,
2023-09-27,,,,,,32.48,97.1,,,
2023-09-28,,,,,,31.62,96.64,,,
2023-09-29,,,,,,32.24,95.86,,,
2023-10-01,,,131.1,2774.6,353.1,,,257.863,144.881,3.782
2023-10-02,3.598,,,,,32.0,91.21,,,
2023-10-03,,,,,,33.25,94.46,,,
2023-10-04,,,,,,35.35,89.83,,,
2023-10-05,,,,,,36.59,88.28,,,
2023-10-06,,,,,,35.68,87.86,,,
2023-10-09,3.506,,,,,39.85,91.37,,,
2023-10-10,,,,,,39.54,90.7,,,
2023-10-11,,,,,,38.94,87.58,,,
2023-10-12,,,,,,38.52,88.4,,,
2023-10-13,,,,,,44.24,94.33,,,
2023-10-16,3.404,,,,,40.7,90.99,,,
2023-10-17,,,,,,41.37,92.52,,,
2023-10-18,,,,,,44.4,91.99,,,
2023-10-19,,,,,,45.7,93.12,,,
2023-10-20,,,,,,43.79,93.72,,,
2023-10-23,3.369,,,,,41.74,91.88,,,
2023-10-24,,,,,,41.08,88.0,,,
2023-10-25,,,,,,44.91,90.14,,,
2023-10-26,,,,,,43.93,88.45,,,
2023-10-27,,,,,,46.64,90.73,,,
2023-10-30,3.32,,,,,44.01,90.73,,,
2023-10-31,,,,,,41.99,86.82,,,
2023-11-01,,,170.9,2738.5,320.5,40.52,86.92,247.304,142.014,3.5
2023-11-02,,,,,,39.79,89.02,,,
2023-11-03,,,,,,38.53,87.55,,,
2023-11-06,3.245,,,,,36.31,87.31,,,
2023-11-07,,,,,,38.72,83.43,,,
2023-11-08,,,,,,40.44,81.46,,,
2023-11-09,,,,,,41.23,81.74,,,
2023-11-10,,,,,,39.29,83.66,,,
2023-11-13,3.212,,,,,39.4,84.09,,,
2023-11-14,,,,,,38.29,84.2,,,
2023-11-15,,,,,,39.51,82.4,,,
2023-11-16,,,,,,42.53,77.73,,,
2023-11-17,,,,,,40.43,81.22,,,
2023-11-20,3.144,,,,,39.0,83.25,,,
2023-11-21,,,,,,38.52,82.42,,,
2023-11-22,,,,,,42.76,81.76,,,
2023-11-23,,,,,,,80.85,,,
2023-11-24,,,,,,43.38,79.82,,,
2023-11-27,3.088,,,,,43.9,79.49,,,
2023-11-28,,,,,,43.14,81.66,,,
2023-11-29,,,,,,42.9,82.98,,,
2023-11-30,,,,,,39.4,81.72,,,
2023-12-01,,,164.8,2661.4,287.6,35.7,78.72,246.942,139.626,3.289
2023-12-04,3.104,,,,,38.08,78.16,,,
2023-12-05,,,,,,36.36,77.27,,,
2023-12-06,,,,,,39.72,74.33,,,
2023-12-07,,,,,,37.82,74.21,,,
2023-12-08,,,,,,36.24,75.94,,,
2023-12-11,3.014,,,,,35.3,75.75,,,
2023-12-12,,,,,,36.38,74.11,,,
2023-12-13,,,,,,36.6,74.14,,,
2023-12-14,,,,,,33.98,77.05,,,
2023-12-15,,,,,,35.13,76.84,,,
2023-12-18,2.931,,,,,37.09,78.89,,,
2023-12-19,,,,,,35.04,79.82,,,
2023-12-20,,,,,,34.98,81.1,,,
2023-12-21,,,,,,35.44,80.73,,,
2023-12-22,,,,,,33.32,80.23,,,
2023-12-25,3.005,,,,,,,,,
2023-12-26,,,,,,34.53,,,,
2023-12-27,,,,,,35.41,80.97,,,
2023-12-28,,,,,,36.45,79.04,,,
2023-12-29,,,,,,36.22,77.69,,,
2024-01-01,2.966,,156.9,2752.3,290.7,,,242.054,139.068,3.221
2024-01-02,,,,,,39.05,76.24,,,
2024-01-03,,,,,,38.22,77.18,,,
2024-01-04,,,,,,37.58,75.79,,,
2024-01-05,,,,,,36.07,78.31,,,
2024-01-08,2.945,,,,,36.79,75.47,,,
2024-01-09,,,,,,36.09,77.97,,,
2024-01-10,,,,,,36.35,78.46,,,
2024-01-11,,,,,,36.78,80.21,,,
2024-01-12,,,,,,40.64,79.89,,,
2024-01-15,2.944,,,,,,79.76,,,
2024-01-16,,,,,,38.34,80.15,,,
2024-01-17,,,,,,37.06,78.88,,,
2024-01-18,,,,,,35.98,81.04,,,
2024-01-19,,,,,,35.79,80.71,,,
2024-01-22,2.95,,,,,35.71,81.7,,,
2024-01-23,,,,,,34.99,82.04,,,
2024-01-24,,,,,,33.99,82.15,,,
2024-01-25,,,,,,35.1,82.33,,,
2024-01-26,,,,,,34.78,83.34,,,
2024-01-29,2.979,,,,,36.32,83.99,,,
2024-01-30,,,,,,36.19,84.14,,,
2024-01-31,,,,,,37.25,82.98,,,
2024-02-01,,,134.4,2610.9,300.6,35.38,82.2,251.209,142.848,3.359
2024-02-02,,,,,,34.85,79.54,,,
2024-02-05,3.021,,,,,34.43,79.3,,,
2024-02-06,,,,,,33.01,80.46,,,
2024-02-07,,,,,,31.21,81.18,,,
2024-02-08,,,,,,31.64,83.01,,,
2024-02-09,,,,,,32.44,83.58,,,
2024-02-12,3.083,,,,,32.69,83.88,,,
2024-02-13,,,,,,32.37,84.72,,,
2024-02-14,,,,,,32.76,84.41,,,
2024-02-15,,,,,,32.02,84.33,,,
2024-02-16,,,,,,30.84,84.88,,,
2024-02-19,3.159,,,,,,85.52,,,
2024-02-20,,,,,,31.81,84.78,,,
2024-02-21,,,,,,31.05,84.77,,,
2024-02-22,,,,,,30.55,85.84,,,
2024-02-23,,,,,,31.31,84.18,,,
2024-02-26,3.145,,,,,31.71,84.01,,,
2024-02-27,,,,,,31.35,83.8,,,
2024-02-28,,,,,,31.21,84.08,,,
2024-02-29,,,,,,31.5,84.57,,,
2024-03-01,,,94.5,2697.7,315.7,31.08,84.82,246.28,141.626,3.581
2024-03-04,3.243,,,,,30.47,86.58,,,
2024-03-05,,,,,,30.19,85.82,,,
2024-03-06,,,,,,29.57,86.59,,,
2024-03-07,,,,,,29.57,84.88,,,
2024-03-08,,,,,,29.64,84.29,,,
2024-03-11,3.27,,,,,29.11,83.44,,,
2024-03-12,,,,,,29.36,83.66,,,
2024-03-13,,,,,,29.52,83.95,,,
2024-03-14,,,,,,31.51,86.16,,,
2024-03-15,,,,,,29.77,85.39,,,
2024-03-18,3.348,,,,,29.81,86.47,,,
2024-03-19,,,,,,29.22,87.36,,,
2024-03-20,,,,,,28.82,85.77,,,
2024-03-21,,,,,,27.53,84.92,,,
2024-03-22,,,,,,26.92,84.87,,,
2024-03-25,3.409,,,,,27.49,86.18,,,
2024-03-26,,,,,,27.25,85.91,,,
2024-03-27,,,,,,26.6,84.94,,,
2024-03-28,,,,,,26.27,86.17,,,
2024-03-29,,,,,,,,,,
2024-04-01,3.401,,85.6,2723.6,338.1,27.65,,251.546,142.986,3.776
2024-04-02,,,,,,29.04,87.63,,,
2024-04-03,,,,,,29.08,90.6,,,
2024-04-04,,,,,,32.17,90.32,,,
2024-04-05,,,,,,32.36,92.81,,,
2024-04-08,3.448,,,,,30.57,91.73,,,
2024-04-09,,,,,,28.96,92.13,,,
2024-04-10,,,,,,30.08,91.57,,,
2024-04-11,,,,,,31.27,91.49,,,
2024-04-12,,,,,,32.19,93.12,,,
2024-04-15,3.479,,,,,35.59,90.84,,,
2024-04-16,,,,,,33.61,91.29,,,
2024-04-17,,,,,,33.0,89.54,,,
2024-04-18,,,,,,31.4,88.34,,,
2024-04-19,,,,,,31.86,87.96,,,
2024-04-22,3.506,,,,,29.7,87.3,,,
2024-04-23,,,,,,28.86,88.29,,,
2024-04-24,,,,,,29.04,89.02,,,
2024-04-25,,,,,,28.34,88.1,,,
2024-04-26,,,,,,27.81,89.95,,,
2024-04-29,3.498,,,,,27.84,88.44,,,
2024-04-30,,,,,,27.87,88.23,,,
2024-05-01,,,73.3,2784.6,331.1,28.7,83.55,240.667,137.994,3.755
2024-05-02,,,,,,27.65,84.81,,,
2024-05-03,,,,,,28.09,83.6,,,
2024-05-06,3.487,,,,,28.58,,,,
2024-05-07,,,,,,27.83,82.69,,,
2024-05-08,,,,,,27.91,82.44,,,
2024-05-09,,,,,,27.95,83.27,,,
2024-05-10,,,,,,27.88,83.39,,,
2024-05-13,3.463,,,,,28.04,83.18,,,
2024-05-14,,,,,,28.01,81.0,,,
2024-05-15,,,,,,28.07,79.98,,,
2024-05-16,,,,,,27.08,81.65,,,
2024-05-17,,,,,,28.06,82.24,,,
2024-05-20,3.451,,,,,27.89,81.91,,,
2024-05-21,,,,,,27.38,81.22,,,
2024-05-22,,,,,,27.71,79.9,,,
2024-05-23,,,,,,28.66,79.25,,,
2024-05-24,,,,,,27.56,78.92,,,
2024-05-27,3.434,,,,,,,,,
2024-05-28,,,,,,27.53,81.34,,,
2024-05-29,,,,,,26.77,81.5,,,
2024-05-30,,,,,,29.24,81.42,,,
2024-05-31,,,,,,30.34,79.41,,,
2024-06-01,,,70.9,2806.3,326.9,,,230.9,135.748,3.601
2024-06-03,3.376,,,,,30.84,76.45,,,
2024-06-04,,,,,,30.59,75.33,,,
2024-06-05,,,,,,29.18,75.41,,,
2024-06-06,,,,,,27.71,77.62,,,
2024-06-07,,,,,,26.42,78.12,,,
2024-06-10,3.297,,,,,25.69,79.59,,,
2024-06-11,,,,,,25.54,80.15,,,
2024-06-12,,,,,,24.8,80.52,,,
2024-06-13,,,,,,24.45,81.44,,,
2024-06-14,,,,,,24.71,81.49,,,
2024-06-17,3.31,,,,,24.17,82.45,,,
2024-06-18,,,,,,23.73,84.79,,,
2024-06-19,,,,,,,85.64,,,
2024-06-20,,,,,,24.23,85.92,,,
2024-06-21,,,,,,24.74,86.42,,,
2024-06-24,3.322,,,,,25.42,86.75,,,
2024-06-25,,,,,,25.75,86.81,,,
2024-06-26,,,,,,26.24,85.76,,,
2024-06-27,,,,,,26.28,87.0,,,
2024-06-28,,,,,,26.54,87.26,,,
2024-07-01,3.371,,72.4,2839.6,331.4,27.29,86.57,235.404,137.725,3.622
2024-07-02,,,,,,25.82,88.28,,,
2024-07-03,,,,,,24.62,88.25,,,
2024-07-04,,,,,,,88.34,,,
2024-07-05,,,,,,23.78,88.66,,,
2024-07-08,3.384,,,,,23.81,87.15,,,
2024-07-09,,,,,,24.19,86.48,,,
2024-07-10,,,,,,24.01,86.55,,,
2024-07-11,,,,,,24.01,86.49,,,
2024-07-12,,,,,,24.12,87.35,,,
2024-07-15,3.388,,,,,23.83,86.42,,,
2024-07-16,,,,,,24.41,86.6,,,
2024-07-17,,,,,,25.28,85.76,,,
2024-07-18,,,,,,25.68,86.26,,,
2024-07-19,,,,,,26.83,85.19,,,
2024-07-22,3.364,,,,,26.83,83.44,,,
2024-07-23,,,,,,26.74,82.2,,,
2024-07-24,,,,,,26.85,83.01,,,
2024-07-25,,,,,,26.49,82.58,,,
2024-07-26,,,,,,29.77,81.35,,,
2024-07-29,3.381,,,,,30.82,80.94,,,
2024-07-30,,,,,,31.49,79.26,,,
2024-07-31,,,,,,33.69,81.39,,,
2024-08-01,,,65.5,2820.4,313.6,33.42,81.37,230.555,135.614,3.521
2024-08-02,,,,,,38.83,78.35,,,
2024-08-05,3.357,,,,,43.63,77.51,,,
2024-08-06,,,,,,40.42,76.62,,,
2024-08-07,,,,,,38.01,78.26,,,
2024-08-08,,,,,,34.77,80.76,,,
2024-08-09,,,,,,33.37,81.07,,,
2024-08-12,3.326,,,,,35.17,83.06,,,
2024-08-13,,,,,,33.26,82.51,,,
2024-08-14,,,,,,31.51,82.15,,,
2024-08-15,,,,,,31.14,83.09,,,
2024-08-16,,,,,,31.0,81.56,,,
2024-08-19,3.286,,,,,32.03,81.09,,,
2024-08-20,,,,,,32.05,78.85,,,
2024-08-21,,,,,,32.7,78.77,,,
2024-08-22,,,,,,31.73,78.8,,,
2024-08-23,,,,,,30.54,80.34,,,
2024-08-26,3.212,,,,,30.99,,,,
2024-08-27,,,,,,31.25,81.51,,,
2024-08-28,,,,,,32.12,80.04,,,
2024-08-29,,,,,,31.81,81.55,,,
2024-08-30,,,,,,33.36,80.2,,,
2024-09-01,,,57.2,2824.4,291.5,,,224.873,132.891,3.344
2024-09-02,3.191,,,,,,77.82,,,
2024-09-03,,,,,,35.36,76.46,,,
2024-09-04,,,,,,37.95,74.67,,,
2024-09-05,,,,,,36.61,74.47,,,
2024-09-06,,,,,,37.58,72.82,,,
2024-09-09,3.12,,,,,37.0,72.37,,,
2024-09-10,,,,,,40.23,70.34,,,
2024-09-11,,,,,,37.76,70.31,,,
2024-09-12,,,,,,36.07,73.81,,,
2024-09-13,,,,,,35.22,73.68,,,
2024-09-16,3.057,,,,,34.71,73.96,,,
2024-09-17,,,,,,35.29,74.55,,,
2024-09-18,,,,,,36.19,74.52,,,
2024-09-19,,,,,,33.72,75.93,,,
2024-09-20,,,,,,32.22,75.96,,,
2024-09-23,3.074,,,,,34.39,74.95,,,
2024-09-24,,,,,,33.76,75.29,,,
2024-09-25,,,,,,34.4,75.4,,,
2024-09-26,,,,,,39.76,73.06,,,
2024-09-27,,,,,,39.62,71.63,,,
2024-09-30,3.087,,,,,39.86,72.35,,,
2024-10-01,,,79.7,2769.5,291.4,42.87,75.3,223.846,133.353,3.279
2024-10-02,,,,,,46.52,74.86,,,
2024-10-03,,,,,,54.5,77.57,,,
2024-10-04,,,,,,46.37,79.32,,,
2024-10-07,3.026,,,,,48.32,81.74,,,
2024-10-08,,,,,,52.35,78.19,,,
2024-10-09,,,,,,48.8,77.06,,,
2024-10-10,,,,,,52.36,79.45,,,
2024-10-11,,,,,,52.68,80.27,,,
2024-10-14,3.069,,,,,51.62,78.47,,,
2024-10-15,,,,,,48.64,73.68,,,
2024-10-16,,,,,,47.84,73.65,,,
2024-10-17,,,,,,46.88,74.37,,,
2024-10-18,,,,,,47.22,72.75,,,
2024-10-21,3.044,,,,,46.82,73.29,,,
2024-10-22,,,,,,47.69,75.59,,,
2024-10-23,,,,,,47.78,74.68,,,
2024-10-24,,,,,,46.66,74.27,,,
2024-10-25,,,,,,48.97,75.62,,,
2024-10-28,3.005,,,,,42.96,71.87,,,
2024-10-29,,,,,,42.47,71.09,,,
2024-10-30,,,,,,41.13,73.21,,,
2024-10-31,,,,,,48.79,73.25,,,
2024-11-01,,,107.2,2629.9,286.4,44.14,73.63,226.103,133.873,3.181
2024-11-04,2.975,,,,,45.75,74.89,,,
2024-11-05,,,,,,45.61,76.98,,,
2024-11-06,,,,,,44.74,76.52,,,
2024-11-07,,,,,,42.55,75.73,,,
2024-11-08,,,,,,38.76,74.04,,,
2024-11-11,2.962,,,,,37.74,72.19,,,
2024-11-12,,,,,,34.32,72.56,,,
2024-11-13,,,,,,37.12,72.86,,,
2024-11-14,,,,,,30.9,73.39,,,
2024-11-15,,,,,,35.07,73.45,,,
2024-11-18,2.95,,,,,36.89,74.35,,,
2024-11-19,,,,,,37.28,74.32,,,
2024-11-20,,,,,,36.74,74.33,,,
2024-11-21,,,,,,36.91,75.09,,,
2024-11-22,,,,,,35.74,76.1,,,
2024-11-25,2.946,,,,,37.44,74.27,,,
2024-11-26,,,,,,38.74,74.56,,,
2024-11-27,,,,,,37.0,73.91,,,
2024-11-28,,,,,,,73.92,,,
2024-11-29,,,,,,34.95,74.16,,,
2024-12-01,,,158.5,2827.5,286.8,,,241.133,136.826,3.145
2024-12-02,2.936,,,,,34.71,72.81,,,
2024-12-03,,,,,,34.55,74.8,,,
2024-12-04,,,,,,33.82,74.68,,,
2024-12-05,,,,,,29.45,73.78,,,
2024-12-06,,,,,,30.98,73.78,,,
2024-12-09,2.912,,,,,27.7,73.73,,,
2024-12-10,,,,,,28.61,73.64,,,
2024-12-11,,,,,,31.99,74.38,,,
2024-12-12,,,,,,33.64,73.52,,,
2024-12-13,,,,,,34.92,74.89,,,
2024-12-16,2.933,,,,,33.41,74.3,,,
2024-12-17,,,,,,30.71,73.16,,,
2024-12-18,,,,,,32.6,74.57,,,
2024-12-19,,,,,,30.5,73.75,,,
2024-12-20,,,,,,29.27,73.19,,,
2024-12-23,2.935,,,,,30.16,72.12,,,
2024-12-24,,,,,,30.35,73.5,,,
2024-12-25,,,,,,,,,,
2024-12-26,,,,,,30.01,,,,
2024-12-27,,,,,,30.21,73.77,,,
2024-12-30,2.914,,,,,30.77,74.24,,,
2024-12-31,,,,,,30.02,74.58,,,
2025-01-01,,100.0,181.1,2885.0,299.1,,,242.293,139.561,3.211
2025-01-02,,,,,,29.54,76.14,,,
2025-01-03,,,,,,29.98,76.72,,,
2025-01-06,2.958,,,,,29.31,77.27,,,
2025-01-07,,,,,,31.09,77.84,,,
2025-01-08,,,,,,31.56,77.37,,,
2025-01-09,,,,,,,78.44,,,
2025-01-10,,,,,,33.91,79.76,,,
2025-01-13,2.95,,,,,33.98,82.69,,,
2025-01-14,,,,,,33.51,82.39,,,
2025-01-15,,,,,,32.93,83.48,,,
2025-01-16,,,,,,33.13,82.39,,,
2025-01-17,,,,,,33.52,83.02,,,
2025-01-20,3.011,,,,,,81.68,,,
2025-01-21,,,,,,35.1,80.57,,,
2025-01-22,,,,,,34.68,80.0,,,
2025-01-23,,,,,,34.18,78.62,,,
2025-01-24,,,,,,29.98,78.71,,,
2025-01-27,3.006,,,,,35.98,77.3,,,
2025-01-28,,,,,,31.95,78.01,,,
2025-01-29,,,,,,33.02,77.02,,,
2025-01-30,,,,,,31.05,77.42,,,
2025-01-31,,,,,,29.96,77.11,,,
2025-02-01,,100.4,222.2,2936.3,303.7,,,231.285,137.8,3.261
2025-02-03,2.972,,,,,35.3,76.49,,,
2025-02-04,,,,,,33.62,76.58,,,
2025-02-05,,,,,,34.25,74.71,,,
2025-02-06,,,,,,36.25,74.54,,,
2025-02-07,,,,,,29.66,74.68,,,
2025-02-10,3.022,,,,,32.09,76.23,,,
2025-02-11,,,,,,29.76,77.65,,,
2025-02-12,,,,,,31.79,75.38,,,
2025-02-13,,,,,,31.47,75.61,,,
2025-02-14,,,,,,28.46,75.19,,,
2025-02-17,3.021,,,,,,75.81,,,
2025-02-18,,,,,,27.47,76.46,,,
2025-02-19,,,,,,28.36,76.34,,,
2025-02-20,,,,,,29.3,76.95,,,
2025-02-21,,,,,,35.79,74.88,,,
2025-02-24,2.997,,,,,31.3,74.89,,,
2025-02-25,,,,,,32.77,73.11,,,
2025-02-26,,,,,,33.36,73.49,,,
2025-02-27,,,,,,31.72,75.01,,,
2025-02-28,,,,,,29.97,74.76,,,
2025-03-01,,102.5,178.1,,299.3,,,205.562,132.332,3.232
2025-03-03,2.951,,,,,38.52,72.85,,,
2025-03-04,,,,,,37.52,72.31,,,
2025-03-05,,,,,,35.04,70.92,,,
2025-03-06,,,,,,37.14,71.08,,,
2025-03-07,,,,,,29.75,72.49,,,
2025-03-10,2.947,,,,,34.82,71.08,,,
2025-03-11,,,,,,31.83,71.51,,,
2025-03-12,,,,,,31.09,72.36,,,
2025-03-13,,,,,,32.8,70.82,,,
2025-03-14,,,,,,33.52,71.94,,,
2025-03-17,2.943,,,,,30.9,71.93,,,
2025-03-18,,,,,,36.12,71.93,,,
2025-03-19,,,,,,33.87,71.94,,,
2025-03-20,,,,,,29.72,72.61,,,
2025-03-21,,,,,,28.43,72.64,,,
2025-03-24,2.999,,,,,29.67,73.96,,,
2025-03-25,,,,,,28.27,73.78,,,
2025-03-26,,,,,,28.84,74.6,,,
2025-03-27,,,,,,28.49,74.72,,,
2025-03-28,,,,,,28.7,74.69,,,
2025-03-31,3.04,,,,,30.88,77.23,,,
2025-04-01,,,,,,30.57,77.78,,,
2025-04-02,,,,,,29.98,77.27,,,
2025-04-03,,,,,,35.45,72.54,,,
2025-04-04,,,,,,44.72,68.36,,,
2025-04-07,3.118,,,,,52.81,66.13,,,
2025-04-08,,,,,,55.26,64.86,,,
2025-04-09,,,,,,42.9,67.3,,,
2025-04-10,,,,,,49.0,65.37,,,
2025-04-11,,,,,,50.88,66.83,,,
2025-04-14,3.043,,,,,47.76,67.18,,,
2025-04-15,,,,,,42.31,66.58,,,
2025-04-16,,,,,,43.56,67.94,,,
2025-04-17,,,,,,41.27,69.33,,,
2025-04-18,,,,,,,,,,
2025-04-21,3.02,,,,,41.21,,,,
2025-04-22,,,,,,43.15,,,,
